participant	Q1	Q2	Q3	Q4	Q5	Q6	Q7	Q8	Q9	Q10	Q11	Q12	Q13	Q14	Q15	Q16	Q17	Q18	Q19	Q20
0	0	0	0	1	1	0	0	1	0	1	0	0	1	1	0	0	0	1	1	0
1	1	1	0	1	1	1	0	0	1	0	1	1	1	1	0	1	0	0	1	0
2	1	0	0	1	1	0	1	1	1	1	0	1	1	0	0	0	0	1	0	1
3	1	1	0	1	1	1	1	0	0	0	1	1	1	1	1	1	0	1	1	1
4	1	1	0	1	0	1	1	0	1	1	1	1	1	1	1	1	1	1	0	1
5	1	0	0	1	1	1	0	1	1	1	1	1	0	1	0	1	0	1	1	1
6	0	0	0	1	1	1	1	0	1	1	0	0	0	1	0	1	0	1	1	0
7	1	0	0	0	0	0	0	0	1	0	1	1	0	0	1	1	1	1	0	1
8	1	1	0	1	1	0	0	1	1	1	1	1	0	0	1	1	0	0	1	1
9	1	1	1	1	1	1	0	1	0	0	1	1	1	1	1	0	1	1	1	1
10	1	1	0	1	0	1	1	0	0	1	1	0	0	1	1	0	0	1	1	1
11	0	1	0	0	1	0	1	0	1	1	0	1	0	0	1	1	1	0	1	1
12	1	1	1	0	1	0	1	1	1	1	1	1	1	1	0	1	0	0	0	1
13	1	0	0	1	1	1	1	0	1	1	0	1	0	1	1	1	0	1	1	1
14	0	0	0	1	0	0	1	0	1	1	1	0	0	1	0	0	1	1	0	1
15	1	0	0	1	0	0	0	0	1	1	1	1	0	1	1	1	1	0	1	1
16	1	0	0	1	0	0	1	1	0	0	0	1	0	1	1	1	0	0	1	0
17	0	1	0	1	1	0	0	0	0	1	1	1	0	1	1	0	0	0	1	1
18	1	1	1	1	1	0	1	0	1	0	0	1	1	1	0	0	1	1	1	1
19	1	0	0	1	0	0	0	0	0	1	0	0	0	0	0	0	1	0	0	1
20	1	1	0	1	0	0	1	0	0	1	1	1	0	1	0	0	0	1	0	1
21	1	0	1	1	1	0	1	1	1	1	0	1	1	0	0	1	0	1	0	1
22	1	0	1	1	1	1	1	1	1	1	1	1	1	1	1	1	0	0	1	1
23	1	0	0	1	1	0	1	0	0	1	1	1	1	1	1	0	0	0	0	1
24	1	0	0	1	1	0	1	0	1	1	1	1	0	1	1	1	0	1	1	1
25	1	0	0	0	0	0	1	0	0	1	1	0	0	0	0	1	0	1	1	1
26	1	0	0	0	1	0	1	0	1	1	0	1	0	0	1	0	1	0	0	1
27	1	0	0	0	1	0	1	0	0	1	1	1	1	0	1	1	0	1	1	1
28	0	1	0	1	0	0	0	1	1	1	1	0	0	0	0	1	0	0	0	0
29	1	1	0	1	0	0	1	1	0	0	0	1	1	0	0	1	1	0	1	1
30	0	0	1	1	1	0	1	1	1	0	0	1	1	1	1	0	0	1	0	0
31	1	1	0	1	1	1	1	1	1	1	1	1	1	1	1	1	1	0	1	1
32	0	0	0	1	0	0	1	1	1	0	1	1	1	1	1	1	0	0	1	1
33	0	0	0	1	1	1	1	0	1	1	0	0	1	1	0	1	1	0	1	1
34	1	0	0	1	1	0	1	1	1	1	1	1	1	0	0	0	0	1	1	1
35	1	1	0	1	0	1	0	0	1	1	1	1	1	1	1	1	1	1	1	0
36	1	1	1	1	1	0	1	1	0	1	1	1	0	1	1	0	1	1	1	1
37	1	0	0	0	0	1	1	0	1	1	1	1	1	1	1	0	0	1	1	1
38	1	0	0	1	1	1	1	1	1	1	1	1	0	1	1	1	0	1	1	1
39	1	1	0	1	1	1	1	0	0	1	1	1	1	0	1	1	1	1	1	1
40	1	0	0	1	1	1	1	0	0	0	1	1	0	1	0	1	0	1	0	0
41	1	0	0	1	1	0	0	1	1	1	1	1	0	1	0	1	0	0	1	1
42	1	0	0	1	1	0	0	0	1	0	0	1	0	1	0	1	1	1	1	1
43	1	1	0	0	1	1	1	1	0	1	0	1	0	1	1	1	0	1	1	1
44	1	1	0	1	1	1	1	1	0	1	1	1	1	1	1	1	0	1	1	1
45	1	0	0	1	0	0	0	1	0	1	0	1	0	0	1	1	0	1	1	1
46	0	1	0	1	0	1	0	1	0	0	1	1	1	1	0	1	1	0	1	1
47	1	0	1	1	0	0	1	1	0	1	0	0	0	1	1	0	1	0	0	1
48	1	0	0	1	0	0	0	0	0	1	0	0	1	0	1	1	0	1	1	1
49	1	1	0	1	0	1	1	0	0	1	0	1	1	1	0	0	1	1	1	0
50	1	1	0	0	1	0	1	1	0	1	1	1	1	1	1	1	1	1	1	1
51	0	0	0	1	0	0	1	1	1	0	0	1	0	0	1	0	0	0	1	1
52	0	0	1	0	0	0	1	0	0	1	0	1	0	1	1	0	1	1	1	0
53	1	1	1	0	1	1	1	0	1	0	0	1	1	1	1	1	0	1	1	0
54	0	0	1	1	1	1	1	1	1	1	1	1	1	0	0	1	0	1	0	1
55	0	0	0	0	0	0	1	0	0	1	1	1	0	0	1	1	0	0	1	1
56	0	0	0	1	1	1	0	0	0	1	1	1	0	1	1	0	1	1	0	1
57	0	1	0	1	1	1	1	1	1	1	1	1	1	0	1	1	0	0	1	1
58	1	1	0	1	1	0	0	1	1	1	1	1	1	0	1	1	1	1	1	1
59	1	1	0	1	0	0	0	1	1	1	1	1	0	1	1	1	1	1	1	1
60	1	0	0	1	1	1	1	1	0	1	1	1	0	1	1	0	1	1	1	1
61	1	0	0	1	0	0	1	0	1	1	1	1	0	0	1	0	0	0	0	0
62	0	1	0	1	1	1	1	0	1	1	0	1	1	1	0	0	1	1	1	1
63	1	1	0	1	1	1	0	1	1	1	0	0	1	1	0	1	0	1	1	1
64	1	1	0	1	1	1	0	0	0	1	1	1	1	0	1	1	1	0	0	0
65	1	0	1	1	0	0	0	0	1	0	0	1	0	1	0	1	0	1	0	0
66	1	0	0	1	0	0	1	1	0	1	0	1	0	0	0	0	0	0	1	0
67	0	1	0	1	1	1	1	1	0	1	0	1	0	0	1	1	1	1	1	1
68	1	0	0	1	0	0	1	0	1	0	1	1	0	1	1	1	0	1	1	0
69	0	1	0	0	1	1	1	0	1	0	0	1	1	1	1	1	1	0	0	1
70	0	0	0	1	1	0	1	0	0	1	1	1	1	0	0	0	1	1	1	1
71	0	0	1	1	0	1	0	0	0	1	1	0	0	1	1	1	0	0	0	1
72	0	1	0	1	1	0	1	0	1	1	1	1	0	1	1	1	0	1	1	1
73	1	0	0	1	1	1	0	1	1	0	0	1	1	0	0	0	0	0	1	1
74	1	1	0	1	1	0	0	1	1	1	1	0	0	0	0	0	0	1	0	0
75	1	0	0	1	1	0	0	0	0	1	1	1	1	1	0	1	0	1	1	1
76	0	1	0	1	1	1	1	0	0	1	1	0	0	1	0	0	0	1	1	0
77	1	1	0	0	1	0	1	1	0	1	1	1	0	1	1	1	1	1	1	0
78	0	1	0	1	1	0	1	1	1	1	1	1	0	1	1	1	0	0	1	1
79	0	1	0	1	1	1	0	0	0	0	0	1	1	0	0	1	0	1	1	1
80	0	0	0	1	0	0	0	1	1	1	1	1	1	1	1	0	0	1	1	1
81	1	0	0	1	1	0	0	0	1	0	1	0	0	1	0	0	0	0	1	1
82	1	1	1	1	1	1	0	1	0	1	1	1	0	1	1	1	0	1	1	1
83	1	0	0	1	1	0	1	0	1	1	0	1	1	1	1	1	0	0	0	1
84	1	0	1	0	1	1	1	0	0	1	0	1	0	0	1	0	0	0	1	0
85	1	0	0	0	0	0	1	1	1	1	0	1	1	0	0	0	0	1	1	0
86	1	0	0	1	1	1	0	1	0	1	0	1	1	1	1	1	1	1	1	1
87	1	0	1	1	0	0	0	0	1	0	1	0	0	0	0	1	0	0	0	0
88	0	0	0	1	1	0	1	1	1	0	1	0	1	0	1	0	0	0	1	0
89	1	1	0	1	1	1	1	0	1	0	0	0	1	0	1	1	1	1	1	1
90	1	0	1	1	0	1	0	1	0	1	0	1	0	0	0	1	1	1	1	1
91	1	1	0	1	0	0	0	1	0	1	0	1	0	0	0	1	0	0	1	0
92	1	0	0	1	1	1	1	0	0	1	0	0	0	1	1	1	0	0	0	0
93	0	0	0	1	1	0	1	0	1	0	1	1	0	1	0	0	0	1	1	0
94	1	0	0	1	1	1	0	0	0	1	1	1	0	1	1	1	1	0	1	1
95	1	0	0	1	1	0	1	0	0	1	0	1	1	1	0	1	0	1	1	1
96	1	0	0	0	1	0	1	1	1	0	0	1	1	0	1	1	1	1	1	1
97	1	1	0	1	1	0	1	1	0	1	1	1	0	1	1	0	1	1	1	1
98	1	1	0	1	0	1	1	1	0	0	1	1	1	0	1	1	1	0	0	1
99	1	1	0	1	0	1	0	0	1	1	1	1	1	1	1	0	0	0	1	1
100	1	0	0	1	1	0	1	0	0	1	0	1	1	1	1	1	1	0	1	0
101	1	1	1	1	1	1	1	1	0	1	1	1	1	1	1	1	0	0	1	1
102	1	0	0	0	1	1	1	0	1	0	0	0	0	1	0	1	1	1	1	1
103	1	1	0	1	1	1	1	1	1	1	1	1	1	1	1	0	1	1	1	1
104	1	0	1	1	1	1	1	1	1	1	1	1	0	1	0	0	0	1	1	1
105	1	0	0	1	0	0	0	1	0	0	0	0	0	0	1	0	0	1	0	1
106	0	0	1	1	1	0	1	0	1	1	0	1	1	0	1	1	1	1	1	1
107	1	1	0	1	1	1	0	0	0	1	0	0	0	1	1	1	0	0	1	1
108	1	0	0	1	1	1	1	1	0	0	0	1	0	1	1	1	1	1	0	0
109	0	1	0	0	0	0	1	1	0	0	1	0	0	0	0	0	0	1	1	0
110	1	1	1	1	0	1	0	1	0	1	0	1	0	0	1	1	1	1	1	1
111	1	0	1	1	0	0	1	0	0	1	1	1	1	1	1	1	0	1	1	0
112	1	0	0	0	1	0	0	1	1	1	1	1	0	0	1	1	0	0	0	0
113	1	1	0	1	1	1	1	1	1	1	1	1	1	1	0	0	0	1	1	1
114	1	1	1	1	1	0	0	1	1	0	0	1	0	1	1	1	0	0	1	1
115	0	1	0	0	1	0	1	0	1	1	1	0	0	0	1	1	0	0	0	0
116	0	0	0	0	0	0	1	1	0	1	0	1	0	1	0	1	1	1	1	0
117	1	0	0	1	1	1	1	0	1	0	1	1	0	1	1	1	1	1	0	1
118	1	1	1	1	0	1	1	0	1	1	0	0	0	1	1	1	1	1	1	1
119	1	1	0	1	1	0	1	0	1	1	1	1	1	1	1	1	0	0	0	1
120	1	1	0	1	1	1	1	1	1	1	0	1	1	1	1	1	0	1	1	1
121	1	1	1	1	1	0	0	0	1	1	1	1	0	1	1	1	0	1	1	0
122	1	0	1	0	1	0	1	0	0	0	1	1	0	1	0	1	1	1	0	1
123	1	0	0	1	1	0	1	1	1	1	0	1	0	1	1	1	1	1	1	1
124	1	1	1	1	0	0	1	1	1	1	1	1	1	1	0	1	1	0	1	1
125	1	1	0	0	1	1	1	0	1	0	0	1	0	0	1	1	0	1	1	1
126	1	1	0	1	0	1	0	0	1	1	0	1	0	1	1	1	0	0	1	1
127	1	0	0	0	1	1	1	1	1	1	1	1	0	0	1	1	0	0	0	1
128	1	0	1	1	1	1	1	1	0	1	0	1	0	1	0	1	1	1	1	1
129	1	1	0	0	1	1	1	1	1	1	0	1	0	1	1	0	0	1	1	1
130	1	0	0	1	1	1	0	1	1	1	0	0	1	1	0	0	0	1	1	1
131	0	1	0	1	1	0	1	1	1	1	1	1	1	1	1	1	0	1	1	0
132	1	0	0	1	0	0	0	1	1	1	0	1	0	1	0	1	1	1	0	1
133	1	0	1	0	0	0	1	1	1	1	1	1	1	0	0	0	0	1	1	0
134	0	1	0	0	1	0	1	1	0	1	1	0	1	0	0	0	0	1	1	1
135	1	1	0	1	0	1	0	0	1	0	1	1	0	0	1	1	1	1	1	1
136	1	0	0	0	0	0	1	0	1	1	1	0	0	0	1	0	1	1	1	0
137	0	0	0	1	1	1	1	1	0	1	0	1	0	1	1	1	1	0	1	1
138	1	0	1	0	1	1	1	1	0	0	1	1	1	1	1	1	1	1	1	0
139	0	1	0	1	0	0	1	0	0	1	0	0	1	0	1	0	0	0	1	1
140	1	1	1	1	0	0	0	1	0	1	0	1	1	1	1	1	1	0	1	1
141	1	1	0	0	1	1	1	0	1	1	1	1	1	0	0	0	0	1	1	1
142	1	0	1	1	0	0	1	1	1	1	0	1	0	1	1	0	1	1	1	1
143	1	1	1	0	0	0	1	0	1	1	0	1	0	1	1	0	0	0	1	1
144	1	1	1	0	0	0	1	1	1	1	1	0	1	1	0	1	1	0	0	1
145	1	1	1	1	1	0	1	1	0	1	1	1	0	1	1	1	0	0	0	1
146	1	0	0	1	0	0	0	0	1	0	0	1	1	1	1	1	0	1	1	1
147	1	1	0	1	1	0	0	1	0	0	1	0	1	1	1	0	0	1	1	1
148	0	0	1	1	0	1	1	0	1	1	1	1	0	1	1	1	0	1	0	1
149	1	0	0	1	1	1	0	1	0	1	0	0	0	1	1	1	1	1	1	0
150	1	0	0	1	0	1	1	0	0	1	1	1	1	1	0	1	0	1	1	1
151	1	1	0	1	0	0	1	0	1	0	0	0	0	0	0	1	0	0	0	1
152	0	0	0	1	1	0	0	1	1	0	0	1	0	1	1	1	0	0	1	0
153	0	0	0	1	1	0	1	1	0	1	0	1	0	1	1	1	1	0	1	1
154	1	1	0	1	0	0	0	0	0	1	0	1	0	1	1	1	1	0	1	1
155	0	1	1	1	1	0	1	0	1	1	0	1	0	1	0	1	0	1	1	1
156	1	0	1	0	0	1	0	0	0	1	0	1	1	0	0	1	0	0	1	1
157	1	0	0	1	1	0	0	1	0	1	1	1	0	1	1	0	0	1	1	1
158	1	0	0	1	1	0	1	0	1	1	0	0	1	1	0	1	0	0	1	1
159	1	1	0	1	1	1	1	1	0	1	0	1	0	0	1	0	1	1	1	1
160	0	1	0	1	1	0	1	0	1	1	1	1	0	0	0	0	0	1	1	1
161	1	1	0	1	1	1	1	0	1	1	1	1	1	1	1	1	1	1	1	0
162	1	1	0	1	0	0	1	0	0	1	0	1	1	1	1	1	1	1	1	0
163	1	1	0	1	1	1	0	1	1	1	1	0	0	1	1	1	1	1	1	1
164	0	1	0	1	1	0	1	0	1	1	1	1	0	1	1	1	0	1	1	1
165	1	1	0	0	0	1	0	1	0	1	1	1	0	1	0	1	1	1	1	1
166	1	0	0	0	1	0	1	0	0	1	0	1	1	0	1	0	1	1	0	0
167	0	1	0	0	1	0	1	1	0	1	0	1	0	0	1	1	0	0	1	1
168	0	1	0	1	1	0	1	1	1	1	0	1	1	1	1	1	1	1	1	0
169	1	1	0	1	1	0	0	0	1	1	1	0	1	0	1	1	0	1	1	1
170	1	0	1	1	1	1	1	1	1	1	0	1	1	1	0	1	0	0	1	1
171	1	1	0	1	1	0	0	0	0	1	1	1	1	1	0	1	0	0	1	1
172	1	0	0	1	0	0	1	0	0	0	0	0	1	1	0	1	1	1	1	1
173	1	0	0	1	1	1	1	0	0	1	0	1	1	1	1	1	1	1	1	0
174	1	1	0	0	1	0	1	0	1	0	0	1	0	0	1	1	1	1	1	1
175	1	0	0	1	1	1	0	0	1	1	0	1	0	0	1	1	1	0	1	1
176	0	0	1	1	0	0	0	0	1	0	0	1	0	1	1	1	1	1	1	1
177	1	0	0	0	1	0	1	0	1	1	1	1	0	1	0	0	0	1	1	1
178	1	1	1	1	1	1	1	0	1	1	0	1	0	1	1	1	1	1	0	1
179	0	0	0	1	1	0	1	0	1	1	0	0	0	1	0	0	1	1	1	1
180	1	0	0	1	1	0	1	1	1	0	0	1	1	1	1	1	0	1	1	1
181	1	0	0	0	1	0	0	1	1	0	1	1	1	0	0	1	1	1	1	1
182	0	0	0	1	1	1	0	1	1	0	1	0	0	1	1	1	1	1	1	0
183	0	1	0	1	1	1	1	1	1	1	1	1	0	1	1	0	1	1	1	1
184	1	0	0	1	1	0	0	1	0	1	0	1	0	1	1	0	0	0	1	0
185	1	0	1	1	1	0	1	0	1	1	1	0	1	0	0	0	1	1	1	1
186	0	0	1	1	0	0	1	1	0	1	1	1	1	1	1	1	1	1	1	0
187	1	0	0	1	1	0	1	0	0	0	1	0	0	0	0	0	0	1	1	1
188	1	1	0	1	1	1	1	1	1	1	1	1	1	1	1	1	1	1	1	1
189	0	1	1	1	1	1	0	0	1	0	1	1	1	1	1	1	0	1	1	1
190	0	1	0	1	1	1	1	1	1	1	1	1	1	1	0	1	0	1	0	0
191	1	1	0	1	1	0	1	0	0	1	1	1	0	1	0	1	1	1	1	0
192	1	1	1	1	1	0	1	1	1	0	1	1	0	1	1	0	1	0	0	1
193	1	1	0	0	1	0	0	1	1	1	0	1	0	0	1	1	0	0	0	1
194	1	1	0	1	0	1	1	0	0	1	0	1	0	0	1	0	1	1	1	1
195	1	0	0	0	1	0	0	1	1	0	0	1	0	1	0	1	0	1	1	0
196	1	1	0	1	0	1	0	1	0	1	1	1	0	1	1	0	0	0	1	1
197	1	1	1	1	1	1	1	0	1	1	1	1	1	0	1	1	1	1	1	1
198	0	0	0	1	1	1	1	1	1	0	0	0	0	1	0	1	0	1	1	1
199	0	0	1	1	0	0	1	1	0	1	1	0	0	0	1	1	0	0	1	0
200	1	1	0	1	1	1	0	0	0	1	1	1	0	1	1	0	1	0	0	1
201	1	0	0	1	1	0	1	0	1	1	1	1	1	1	1	1	0	1	1	0
202	0	0	0	1	1	0	0	1	1	1	1	0	1	1	1	1	0	1	1	1
203	0	0	0	1	0	1	1	1	1	0	0	0	1	1	1	1	0	0	1	1
204	1	0	1	1	1	1	0	0	0	1	1	1	0	1	1	1	1	0	1	1
205	0	0	1	1	1	1	1	1	1	1	1	1	1	1	0	1	0	1	1	0
206	1	1	0	0	0	1	0	1	0	0	1	0	0	1	1	1	0	1	1	1
207	1	0	0	1	1	1	1	0	0	1	0	1	0	0	1	0	1	1	1	0
208	1	1	0	1	1	0	1	0	0	1	1	1	0	0	0	1	0	1	0	0
209	1	0	0	1	0	0	0	1	0	1	1	1	0	0	0	1	1	0	1	1
210	1	1	0	1	0	1	1	1	1	1	1	0	0	0	1	1	0	0	1	0
211	1	0	1	1	0	1	1	1	0	1	1	1	1	0	0	1	0	1	1	1
212	0	0	0	1	0	0	0	1	0	0	0	1	1	1	1	1	1	0	1	1
213	0	1	0	0	1	0	1	1	0	0	1	1	1	1	1	1	1	1	1	1
214	1	1	0	1	1	1	1	0	1	1	1	1	0	1	0	1	1	1	1	1
215	1	1	0	1	0	0	0	0	0	0	1	1	1	1	1	0	1	0	0	1
216	1	0	1	1	0	1	1	1	1	0	0	0	0	1	1	0	0	1	1	0
217	1	0	1	1	0	0	1	0	0	1	0	1	0	1	0	1	1	0	1	1
218	1	0	0	0	0	0	1	1	0	1	1	1	0	0	0	0	0	1	1	0
219	1	1	0	1	1	0	1	1	1	1	1	1	1	1	0	0	1	1	1	1
220	1	0	0	0	0	0	1	1	0	1	1	1	0	1	1	1	0	1	1	1
221	1	1	0	1	1	0	0	0	1	1	0	1	0	1	1	1	1	1	1	1
222	1	1	0	1	0	1	1	0	1	1	1	1	0	1	0	1	0	1	1	1
223	1	0	0	1	0	0	1	0	1	1	0	1	1	0	0	0	0	0	1	0
224	1	0	0	1	0	0	0	0	0	1	1	1	0	1	1	1	1	1	0	1
225	0	0	1	1	0	0	1	0	0	1	1	1	1	0	1	1	1	1	0	1
226	0	0	0	1	1	1	1	0	0	1	1	1	0	1	1	0	1	1	1	1
227	0	0	0	0	1	0	1	0	0	1	0	0	0	1	1	1	1	1	1	0
228	1	1	1	1	1	0	1	1	0	1	1	1	0	1	1	1	1	1	1	1
229	1	0	0	1	1	0	1	1	1	1	0	0	0	0	1	1	1	1	1	0
230	1	1	0	0	1	0	0	1	0	1	1	1	0	0	0	1	0	0	0	1
231	1	0	0	1	1	0	0	1	1	1	1	1	0	1	0	0	0	0	0	0
232	1	0	0	1	0	0	0	0	0	1	0	0	0	0	0	1	0	0	0	1
233	1	0	1	1	1	0	1	1	0	1	0	0	0	0	1	1	1	1	1	0
234	1	0	0	1	0	0	0	0	1	1	0	0	0	0	1	1	1	0	1	0
235	1	0	0	1	1	0	0	0	1	1	0	1	1	1	1	1	0	1	1	1
236	1	0	0	0	0	0	1	0	1	0	1	1	1	1	1	1	1	1	1	1
237	0	1	0	1	1	1	1	1	1	1	1	0	1	1	0	0	1	0	0	1
238	0	0	0	1	1	0	1	1	1	1	1	1	1	0	1	1	1	1	1	0
239	0	1	1	1	1	0	0	0	0	1	0	0	1	1	0	1	0	1	0	1
240	0	0	1	1	0	0	1	1	0	1	1	0	1	1	0	1	1	1	1	1
241	1	1	0	1	0	1	0	0	0	1	0	1	1	1	1	1	1	1	1	1
242	1	0	0	1	1	0	1	1	0	1	1	1	0	1	1	1	1	0	1	1
243	1	0	0	1	1	0	1	1	1	1	0	1	0	1	1	1	0	1	0	0
244	1	1	1	1	1	0	1	0	1	1	1	0	1	1	0	0	1	1	1	0
245	0	0	1	1	1	0	0	0	1	1	0	1	1	0	0	1	0	0	1	0
246	1	0	0	0	1	1	0	0	1	0	0	1	1	1	1	1	0	1	0	0
247	1	1	0	1	0	0	0	0	0	1	1	1	0	0	0	1	0	1	1	1
248	1	1	0	0	0	1	1	1	0	1	1	1	0	1	1	0	1	0	1	0
249	1	1	0	0	1	0	1	1	0	0	1	1	0	1	1	0	0	0	1	1
250	0	0	1	1	1	0	1	1	1	1	0	1	0	1	1	0	1	1	1	1
251	1	0	0	1	0	0	0	1	1	0	1	1	0	1	0	1	0	1	1	1
252	0	1	1	1	1	1	0	1	0	1	1	1	0	1	1	1	1	1	1	1
253	0	1	0	1	0	0	1	1	1	1	0	1	0	0	1	1	0	1	1	1
254	0	1	0	1	1	0	1	0	0	0	0	1	0	0	1	1	1	1	1	1
255	1	1	0	1	1	1	0	1	1	1	1	1	1	1	1	1	1	0	1	1
256	0	0	0	1	1	1	1	1	0	1	1	1	0	0	1	1	1	0	1	1
257	1	0	0	0	0	0	0	0	0	1	0	0	0	1	1	0	1	0	1	1
258	1	1	0	0	1	0	0	1	1	0	1	0	0	1	0	1	0	1	1	1
259	0	0	0	1	0	0	1	0	1	0	0	1	1	1	1	0	0	1	1	1
260	0	0	0	1	1	0	1	1	0	1	1	1	0	1	0	0	0	0	1	0
261	1	1	0	1	1	1	0	0	0	1	1	1	0	1	0	0	1	1	0	1
262	1	1	0	1	0	1	1	0	1	1	1	0	1	1	0	1	1	1	1	1
263	1	0	0	0	1	0	1	1	0	1	0	1	1	1	1	1	0	0	1	1
264	1	1	0	1	0	1	1	0	1	0	1	1	0	1	1	0	1	0	1	1
265	0	1	1	1	1	1	1	0	1	0	1	1	1	0	0	1	0	0	1	1
266	0	1	0	1	1	0	0	0	1	0	0	1	0	1	1	1	0	0	1	1
267	1	1	0	0	1	0	0	1	1	1	1	1	0	1	0	0	0	1	0	1
268	0	0	0	0	1	0	1	0	1	0	1	1	0	1	1	1	0	1	1	1
269	0	1	0	1	0	0	0	0	1	0	1	0	0	0	0	1	1	1	0	1
270	1	0	1	0	1	0	0	0	0	1	0	1	1	1	1	1	1	1	0	1
271	1	1	0	0	1	0	1	1	1	1	0	1	0	0	1	1	1	1	1	1
272	1	0	0	1	1	0	1	1	0	1	0	1	1	1	1	1	0	1	1	0
273	1	0	0	1	0	0	1	0	0	0	0	0	1	1	1	0	0	0	0	0
274	1	0	1	1	0	0	0	0	0	1	0	1	1	1	1	1	0	0	1	1
275	0	0	0	1	1	0	0	0	1	1	1	0	0	1	1	1	1	0	1	0
276	1	0	0	1	1	1	1	0	0	1	0	0	1	0	0	1	1	0	1	0
277	1	0	0	0	1	0	1	1	0	1	0	1	0	1	1	0	0	1	1	1
278	0	0	1	1	1	0	1	0	0	1	1	1	0	1	1	1	0	0	1	1
279	0	0	0	1	1	0	0	0	0	0	0	1	0	0	0	1	1	1	1	0
280	0	0	0	1	1	1	0	1	1	1	0	1	1	1	1	1	1	1	1	1
281	0	0	0	1	1	0	0	1	0	1	1	0	0	1	0	0	0	0	0	1
282	1	0	0	0	1	1	1	0	1	1	0	1	0	1	1	0	0	1	1	1
283	1	1	1	1	1	1	0	1	0	1	1	1	0	1	0	1	0	1	1	1
284	1	0	0	0	0	1	1	1	1	1	0	0	0	0	1	1	0	0	1	1
285	1	0	0	1	1	1	1	0	0	1	0	0	0	0	1	1	1	0	0	0
286	1	1	1	1	0	1	1	0	1	1	1	0	0	1	1	1	0	1	1	1
287	1	1	0	0	0	1	0	1	1	0	1	1	1	1	1	1	1	1	0	1
288	1	1	1	1	1	1	1	0	1	1	1	1	1	0	0	1	0	0	1	1
289	1	1	0	1	1	0	0	1	0	1	0	1	1	1	0	1	0	0	1	1
290	1	0	0	1	1	0	1	0	1	1	1	1	0	1	1	0	0	0	1	1
291	0	0	0	1	0	0	1	0	0	0	0	0	0	0	0	1	0	0	0	1
292	1	0	0	1	1	0	1	1	0	0	1	1	1	1	1	1	0	1	1	1
293	1	1	0	1	1	0	1	1	1	1	1	1	0	1	1	1	0	1	1	0
294	1	0	0	0	0	0	1	1	0	0	0	1	0	0	1	0	0	1	1	1
295	0	0	0	1	1	1	0	0	1	1	1	1	0	1	0	1	0	1	1	1
296	0	0	0	1	0	0	1	0	1	1	0	1	0	0	0	1	0	0	0	1
297	0	0	0	0	0	0	1	1	0	0	1	1	0	0	0	1	0	0	1	1
298	1	1	0	1	1	1	1	1	1	0	1	1	0	1	1	1	0	1	1	1
299	1	0	0	1	0	1	1	0	1	1	0	1	0	1	1	1	1	1	1	1
300	1	1	1	1	0	0	1	1	1	1	1	1	1	1	1	0	0	0	1	1
301	1	0	0	1	1	1	1	1	1	0	0	1	1	1	0	1	0	1	1	0
302	1	0	0	1	0	0	1	0	1	1	0	1	1	1	0	0	0	1	0	1
303	1	0	0	1	0	0	0	0	1	0	1	1	0	0	0	1	0	0	0	0
304	1	0	0	1	1	1	1	0	0	0	1	0	0	0	1	0	1	0	1	1
305	1	0	0	1	1	0	1	1	0	1	0	0	0	1	0	1	0	0	1	1
306	1	0	0	1	1	0	1	0	1	1	0	0	1	0	1	1	0	1	1	1
307	1	0	0	1	1	1	1	0	1	1	1	0	1	0	1	1	1	1	1	1
308	1	0	0	1	1	0	1	1	0	1	0	0	0	0	0	0	0	1	1	1
309	0	0	0	1	1	0	0	0	1	1	1	1	1	0	1	0	1	1	1	1
310	1	0	1	1	1	0	1	1	0	1	1	1	0	1	1	0	0	0	1	1
311	0	0	0	1	0	0	1	1	0	1	0	0	0	0	1	1	0	1	0	0
312	1	1	0	0	1	0	1	1	0	1	0	1	1	0	1	1	1	1	1	1
313	0	1	0	1	1	0	1	0	1	1	1	1	0	1	0	0	1	0	1	0
314	0	0	1	0	0	0	1	0	0	1	0	1	0	0	0	0	0	0	1	1
315	1	0	0	1	1	0	0	0	0	1	1	0	0	1	1	1	1	1	1	1
316	1	0	0	1	0	0	0	1	1	0	1	1	0	1	1	1	0	0	1	1
317	0	0	0	1	1	0	1	1	0	0	1	1	0	1	0	1	1	0	0	0
318	1	0	1	1	0	0	0	1	1	1	0	1	0	0	1	1	1	1	0	1
319	0	0	1	1	1	1	0	1	1	1	0	1	1	0	1	1	0	0	1	1
320	1	0	0	1	1	1	1	1	0	0	0	1	1	0	1	0	0	1	1	1
321	1	1	0	0	0	1	0	1	1	1	1	1	1	0	1	0	0	1	1	1
322	1	0	1	0	0	0	0	0	0	1	0	1	0	1	1	1	1	1	1	1
323	1	1	0	1	1	0	1	1	1	0	1	1	1	1	0	1	0	0	0	1
324	1	0	0	1	0	0	0	1	1	1	1	0	0	0	1	1	0	1	0	0
325	0	0	0	1	0	1	1	1	1	1	1	1	0	1	0	0	0	0	1	1
326	1	0	0	1	0	1	1	1	1	1	1	1	0	0	1	1	0	1	1	1
327	0	0	0	1	1	0	1	0	1	1	1	1	0	1	1	1	0	1	1	1
328	0	0	0	1	0	0	0	0	1	1	0	0	0	0	0	0	1	1	1	0
329	0	1	0	1	1	0	0	1	0	1	0	0	0	0	0	0	0	1	0	1
330	1	1	1	1	1	0	1	1	1	0	1	1	1	1	1	1	1	1	1	1
331	0	0	0	0	1	0	1	1	1	0	1	1	1	1	1	0	1	1	1	1
332	1	1	1	1	1	1	1	0	0	1	1	1	1	1	1	1	1	1	1	0
333	0	1	0	1	1	1	1	1	1	1	0	1	1	1	0	1	0	1	1	1
334	0	1	0	1	1	0	1	0	1	1	1	1	0	1	0	0	0	0	1	0
335	0	1	0	1	1	1	0	1	1	0	0	0	1	1	1	1	0	0	1	0
336	0	1	0	1	0	0	1	1	1	0	1	1	0	1	0	1	1	1	1	0
337	1	1	0	1	1	0	1	0	0	0	1	1	1	0	1	1	0	0	0	1
338	0	0	0	1	0	0	1	0	1	1	1	1	0	1	0	1	1	0	1	1
339	1	1	0	1	1	0	1	0	1	1	1	1	1	1	0	1	1	0	1	1
340	1	0	0	1	1	1	1	1	0	1	1	1	1	0	0	1	1	1	1	0
341	1	1	1	1	0	0	0	0	0	1	1	0	1	1	1	0	0	1	1	1
342	1	1	0	1	1	0	1	1	1	1	0	0	0	1	1	0	0	0	1	1
343	1	1	0	1	1	0	1	1	0	1	1	1	1	1	1	1	0	0	1	1
344	1	0	0	1	0	0	1	1	1	1	1	0	1	1	0	1	1	0	1	1
345	0	0	0	1	1	1	1	0	0	0	1	1	1	1	1	0	0	1	1	1
346	1	1	0	1	1	0	1	1	1	1	0	1	0	0	0	1	0	1	1	0
347	0	0	1	1	1	0	1	0	1	1	1	1	1	0	1	1	1	1	1	0
348	0	0	0	1	1	0	0	1	0	1	0	1	1	1	0	1	1	1	0	1
349	1	0	1	1	0	1	1	0	1	1	1	1	0	1	1	0	0	1	1	1
350	1	1	0	0	1	0	0	0	0	1	0	1	1	0	0	1	0	0	1	1
351	1	1	1	1	0	1	0	0	1	1	0	0	0	0	0	1	0	0	1	1
352	1	1	0	0	1	1	0	1	1	1	1	1	0	1	1	0	0	0	1	1
353	1	0	1	1	0	1	1	1	1	1	1	1	1	1	1	1	1	1	1	1
354	1	1	0	1	1	1	0	1	1	0	1	1	1	1	1	1	1	1	1	0
355	0	1	1	1	1	0	1	0	1	0	1	0	1	1	1	0	0	0	1	1
356	1	1	0	1	1	1	1	1	1	1	0	1	0	1	1	1	0	1	0	0
357	1	0	1	0	0	0	0	0	0	0	1	1	1	1	1	1	0	1	1	1
358	1	1	0	0	1	0	0	0	1	1	1	1	0	1	1	1	1	1	1	1
359	0	1	0	0	1	1	1	1	0	1	0	1	0	1	1	1	1	0	0	1
360	0	0	1	0	1	1	1	1	0	0	0	1	1	0	0	1	1	1	1	1
361	0	0	0	1	1	0	1	0	1	1	0	0	1	1	0	1	1	0	0	1
362	0	1	0	1	0	1	1	0	1	1	1	1	1	1	0	1	0	1	1	1
363	1	1	1	0	1	0	0	0	1	1	0	0	1	1	1	0	1	0	1	1
364	1	1	0	1	0	1	1	1	1	1	1	1	0	0	0	0	0	0	1	1
365	1	0	0	1	0	0	1	0	1	1	0	1	0	1	0	0	1	1	1	0
366	1	1	0	1	0	0	0	0	0	0	1	1	1	1	0	1	0	1	0	1
367	1	1	0	0	1	0	0	1	0	0	0	0	0	1	1	1	0	1	1	1
368	0	1	0	1	1	1	1	0	0	0	1	1	0	1	1	1	1	1	1	1
369	0	0	0	1	1	0	1	0	0	0	0	0	1	0	1	0	1	1	1	1
370	1	0	0	0	1	0	1	1	0	1	1	1	0	0	1	1	0	0	1	1
371	1	0	0	1	1	1	1	0	1	1	0	0	0	1	0	1	0	1	1	1
372	1	0	0	1	1	1	1	1	0	1	0	0	0	1	1	0	1	0	1	1
373	0	1	0	0	1	0	1	1	1	1	0	0	0	1	1	0	0	1	1	1
374	1	1	1	1	1	0	1	0	1	1	1	1	0	1	0	0	0	0	1	0
375	1	0	1	1	0	0	0	1	1	0	0	0	1	1	0	1	1	0	1	1
376	0	0	0	1	0	1	1	1	1	1	0	1	0	0	1	0	0	1	1	1
377	1	1	0	0	0	0	1	1	0	1	0	0	1	1	1	1	1	0	0	0
378	1	0	1	0	0	1	0	0	0	1	0	1	0	0	1	0	0	1	0	1
379	1	1	1	1	1	0	1	0	0	1	1	1	1	1	0	1	0	1	1	0
380	0	0	1	0	1	0	1	0	1	1	0	1	0	1	1	1	0	1	0	1
381	1	1	0	0	1	0	1	0	1	1	1	1	1	1	0	1	0	1	1	1
382	1	1	0	1	1	0	1	1	0	0	1	1	1	0	1	0	0	1	1	1
383	0	0	0	1	0	0	0	0	1	1	1	1	1	0	1	1	1	0	0	1
384	1	1	1	1	1	0	0	1	1	1	1	1	1	0	1	0	1	0	1	1
385	1	0	0	0	1	1	0	0	1	1	1	0	0	0	1	1	0	1	1	0
386	0	1	0	1	1	0	1	0	1	0	0	1	1	1	1	0	1	0	1	1
387	1	1	0	0	1	0	0	1	1	1	0	1	1	1	1	1	0	0	0	1
388	1	1	1	0	0	1	0	0	0	0	0	1	0	1	1	1	1	1	1	1
389	0	1	0	1	0	1	0	0	1	1	1	1	0	1	1	1	1	0	1	0
390	1	1	1	1	1	0	1	0	0	1	1	1	1	1	0	1	0	0	1	1
391	1	1	1	1	0	1	1	1	0	0	0	1	0	1	0	1	0	1	1	1
392	0	0	0	1	1	0	1	0	1	1	0	1	0	1	1	1	0	1	1	1
393	1	1	1	0	0	0	1	1	0	1	1	1	0	1	1	1	0	1	1	1
394	1	1	0	1	0	0	0	1	0	1	0	1	1	0	0	1	0	0	0	0
395	1	0	1	0	1	0	1	1	1	0	0	0	0	1	1	1	0	1	1	1
396	1	0	1	1	1	1	0	0	0	1	0	0	0	0	1	0	1	1	0	1
397	1	1	0	1	1	1	0	0	0	1	1	1	1	1	1	1	1	1	1	1
398	0	1	1	1	1	1	0	0	1	1	1	1	1	1	1	0	1	1	1	1
399	0	1	0	1	1	1	0	1	1	1	0	0	0	1	1	1	1	0	1	1
400	0	0	1	1	0	1	1	1	1	1	0	0	0	0	1	0	1	1	1	1
401	0	0	0	0	1	0	0	0	1	1	1	1	0	1	1	0	1	0	1	1
402	1	0	0	1	1	1	1	0	0	1	1	0	1	1	1	0	1	1	1	0
403	1	0	0	1	1	0	1	0	0	1	1	0	0	1	1	1	0	1	1	1
404	1	1	0	1	1	0	1	0	0	1	1	1	0	0	1	1	0	1	1	1
405	1	0	0	1	1	0	1	0	0	1	0	1	0	1	1	0	1	1	1	1
406	1	0	0	1	0	0	1	0	0	1	1	1	0	1	1	1	0	1	1	0
407	0	1	1	1	1	0	0	0	1	0	0	0	1	1	1	1	1	1	1	0
408	0	0	1	0	1	0	1	0	1	1	0	1	1	0	0	0	0	1	1	1
409	1	0	0	1	0	1	0	1	1	1	1	1	0	1	0	1	0	1	1	1
410	1	1	0	1	1	1	1	0	1	1	1	1	0	1	0	1	0	0	1	0
411	1	0	0	1	0	1	1	0	0	1	1	0	0	0	1	0	1	1	1	1
412	0	1	0	1	1	0	1	1	1	1	1	1	0	1	1	1	0	0	1	1
413	1	0	0	1	1	0	1	1	1	0	0	0	0	1	1	1	0	0	1	1
414	0	0	0	0	1	1	0	0	1	1	0	1	0	1	1	0	0	1	1	1
415	1	0	0	1	1	1	0	0	0	0	1	1	0	0	1	0	1	1	1	0
416	0	1	0	0	1	1	1	0	1	1	1	1	0	0	1	1	1	1	1	0
417	1	0	0	0	1	0	0	0	0	1	1	1	1	1	1	0	0	0	1	1
418	1	1	0	1	0	1	0	0	1	0	0	1	1	1	1	0	0	0	0	1
419	1	1	1	1	1	0	1	1	0	1	0	1	1	1	1	0	0	0	1	0
420	0	0	0	1	0	0	1	1	0	0	1	1	0	1	1	0	0	0	0	1
421	0	0	0	1	1	0	1	0	1	0	1	1	0	0	1	1	1	1	1	1
422	1	0	0	1	1	0	1	1	1	1	0	1	0	1	1	0	1	1	1	0
423	1	0	0	0	0	0	0	0	1	1	1	0	0	0	1	1	0	0	1	0
424	1	1	0	1	1	1	1	0	0	1	1	1	0	0	0	1	0	0	1	0
425	1	1	1	1	1	1	1	0	0	1	1	1	0	1	0	1	0	1	1	1
426	0	0	0	1	1	0	0	0	1	0	1	0	0	0	0	1	1	1	0	1
427	1	0	0	1	0	0	1	1	1	1	1	0	0	0	0	1	0	1	0	1
428	1	0	0	1	1	0	0	1	1	1	0	1	1	0	1	1	1	1	1	1
429	1	1	0	1	1	1	1	1	1	1	1	1	0	1	1	1	1	1	0	1
430	1	0	0	1	1	0	0	0	1	1	1	1	1	0	1	1	0	0	1	1
431	1	1	1	1	1	0	0	1	1	1	0	1	0	1	1	1	0	1	1	1
432	1	1	1	1	0	1	0	1	1	1	1	1	1	1	0	1	1	1	1	1
433	0	0	0	1	0	0	0	0	0	1	0	0	0	1	0	0	0	1	1	1
434	0	0	0	1	1	0	1	0	1	1	0	0	0	1	1	0	1	0	1	1
435	1	0	0	1	0	1	1	1	0	1	1	1	1	1	0	1	1	0	1	0
436	1	1	0	1	0	0	0	0	1	1	0	1	0	0	1	1	1	0	1	1
437	1	1	1	1	1	1	0	0	1	1	1	1	0	0	0	1	0	1	1	1
438	1	0	1	1	1	0	1	1	0	0	1	1	0	0	1	1	0	0	1	1
439	1	0	0	1	0	0	0	0	1	0	1	1	1	0	1	1	0	0	1	0
440	1	1	0	1	1	1	1	1	0	0	1	1	0	0	1	0	0	1	1	1
441	1	0	0	1	0	0	1	1	0	1	0	1	1	1	0	1	0	0	1	1
442	1	0	1	1	1	1	1	0	1	1	0	1	1	1	1	1	0	1	1	0
443	1	1	0	0	1	0	1	0	1	1	1	1	1	1	1	1	1	0	1	1
444	1	0	0	0	0	0	1	1	1	0	1	1	0	1	1	1	0	1	1	0
445	1	1	1	1	0	0	1	1	1	1	0	0	1	1	1	1	0	1	1	1
446	1	0	1	1	1	1	1	1	1	1	0	0	1	1	1	0	0	1	1	1
447	1	1	0	1	1	0	0	1	1	1	0	1	1	0	0	1	1	1	1	1
448	1	0	1	1	1	0	0	0	0	0	1	0	1	1	0	1	1	0	1	0
449	1	0	0	1	0	0	0	0	0	1	0	0	0	0	0	1	0	1	1	1
450	0	0	1	1	0	0	0	0	1	1	0	1	1	0	1	0	0	1	1	1
451	0	0	1	1	1	1	1	0	1	1	1	1	0	1	1	1	0	1	1	1
452	1	0	1	0	0	1	1	1	0	1	1	1	0	1	1	1	1	1	1	1
453	1	0	1	1	1	1	1	1	0	1	1	1	1	1	1	1	1	1	1	0
454	1	1	1	1	1	1	1	0	1	0	0	1	1	0	0	1	1	1	1	1
455	1	0	0	0	0	0	0	1	1	1	0	1	0	1	0	1	0	0	1	1
456	1	1	0	1	1	0	1	0	1	0	1	1	1	1	1	1	1	1	1	0
457	1	1	1	1	1	1	1	1	1	1	1	1	0	1	1	1	1	1	1	1
458	1	0	0	1	1	0	1	1	0	1	0	1	0	1	1	1	0	1	1	1
459	1	0	0	1	1	0	1	0	1	0	0	0	0	1	0	1	0	1	1	1
460	1	0	0	1	0	0	0	0	0	0	1	1	1	1	0	0	1	0	0	0
461	0	0	0	0	0	0	0	1	0	0	0	1	0	0	0	0	0	0	1	1
462	1	0	0	1	0	0	0	0	1	0	1	1	1	1	1	1	0	1	1	0
463	1	0	0	0	1	0	1	0	1	1	1	0	0	0	1	0	1	1	1	1
464	0	0	1	1	0	0	1	0	0	0	1	0	0	0	1	0	1	0	1	1
465	1	0	0	1	1	0	1	1	0	1	1	1	0	0	0	0	0	1	0	0
466	1	0	0	0	1	1	0	0	1	1	0	1	0	1	0	1	0	0	1	0
467	0	1	1	0	0	0	1	0	0	1	0	1	1	1	0	1	0	0	1	0
468	1	1	0	1	1	0	1	1	1	1	0	1	1	1	0	1	1	1	0	1
469	0	0	0	0	1	0	1	0	0	1	1	1	1	0	0	0	0	0	1	0
470	1	1	1	1	1	0	1	1	0	0	0	1	1	1	0	0	1	0	1	1
471	1	1	0	1	0	1	1	1	1	1	1	1	0	1	1	1	1	1	1	0
472	1	0	0	1	0	1	1	0	1	1	0	1	0	1	0	1	1	1	1	1
473	0	0	0	0	0	0	0	1	1	0	1	1	0	1	1	1	0	0	0	1
474	0	1	0	1	1	1	1	1	1	1	1	1	0	1	0	1	0	0	0	1
475	0	0	0	0	0	0	0	0	0	1	1	1	0	1	0	1	0	0	0	1
476	1	1	0	1	1	0	1	0	1	0	1	1	0	1	1	1	1	1	1	0
477	1	1	0	1	1	1	1	1	0	1	1	1	1	1	1	0	1	1	1	1
478	1	1	0	0	1	1	1	0	1	0	0	1	0	1	1	1	1	1	1	1
479	0	1	0	1	1	1	1	0	0	1	1	1	1	0	1	1	0	1	1	1
480	1	1	0	1	1	0	1	0	1	0	1	1	0	1	1	1	0	1	1	1
481	0	1	0	1	1	1	1	1	0	0	0	1	1	1	1	1	1	1	1	1
482	0	0	0	1	0	0	0	0	0	1	0	1	0	0	0	1	1	0	1	0
483	1	1	0	1	1	1	0	1	1	0	1	1	1	1	0	0	0	1	1	1
484	1	0	1	0	1	1	1	1	0	1	1	0	0	1	0	1	1	1	1	1
485	1	1	0	1	1	0	0	1	0	1	1	1	1	1	0	1	0	1	1	0
486	1	1	0	1	1	0	1	1	0	1	0	1	0	1	1	0	0	0	1	1
487	1	0	0	1	0	0	1	1	0	1	0	0	1	0	1	1	1	0	0	1
488	1	0	0	1	1	0	1	1	1	0	1	1	0	1	1	1	1	1	0	0
489	1	0	0	0	1	1	1	0	0	0	0	1	0	1	1	0	0	0	1	1
490	1	1	0	1	1	1	1	0	0	0	1	1	0	0	0	1	1	1	1	1
491	1	0	1	1	1	0	1	0	0	1	0	0	0	1	1	1	1	1	1	1
492	1	0	0	1	1	1	0	1	1	1	0	1	1	1	1	0	1	0	1	1
493	1	0	0	1	0	0	1	1	1	1	1	1	0	0	0	1	0	0	1	1
494	0	1	1	1	0	0	0	0	0	1	0	0	1	1	1	0	0	0	0	1
495	1	0	1	1	0	1	1	0	0	1	1	1	1	1	0	0	1	1	1	0
496	1	1	1	1	1	1	1	0	1	1	0	1	1	0	1	1	0	0	1	0
497	0	1	0	1	1	0	0	0	0	1	0	1	1	1	1	0	1	1	1	1
498	0	0	0	1	1	0	1	0	0	0	0	1	1	1	1	0	0	0	1	0
499	1	1	1	1	0	1	1	1	1	1	0	1	0	1	0	1	1	1	1	1
500	1	1	0	0	1	1	1	1	1	1	1	1	0	1	0	1	1	1	1	0
501	1	1	1	0	1	0	1	1	0	1	0	1	1	1	0	1	1	1	0	1
502	1	0	0	1	0	0	0	0	1	1	1	1	0	1	0	0	1	1	1	1
503	1	0	1	0	0	0	0	0	1	1	0	1	0	1	1	0	0	0	0	1
504	1	1	1	1	1	1	1	0	1	0	0	1	0	1	1	1	1	1	1	1
505	0	1	0	0	1	0	0	0	0	0	0	0	1	0	0	0	1	1	0	1
506	1	1	0	1	0	1	1	1	1	1	0	1	0	0	0	1	1	0	0	0
507	1	1	0	1	1	1	0	1	1	0	1	1	1	1	0	1	0	0	1	1
508	0	0	0	1	1	0	0	0	1	1	1	1	0	1	0	1	0	1	1	0
509	1	1	0	1	0	1	0	1	0	1	1	1	0	1	1	0	1	1	1	0
510	1	0	0	1	1	1	0	1	1	1	0	1	1	1	1	1	0	1	1	1
511	1	0	0	1	0	1	0	1	1	1	0	1	0	0	1	1	0	0	0	1
512	1	0	1	0	1	0	1	0	1	1	1	1	0	0	0	0	0	1	1	1
513	1	0	0	1	0	1	1	1	1	1	0	1	0	1	1	0	0	0	0	1
514	1	1	0	1	1	1	1	0	0	1	1	0	1	1	1	0	0	0	0	1
515	0	1	0	1	0	0	1	0	0	1	0	1	1	0	1	0	1	0	1	1
516	1	1	0	1	0	0	1	1	0	0	0	1	1	1	1	1	0	0	0	0
517	0	1	1	1	1	0	0	0	1	1	0	0	1	1	1	0	1	0	0	1
518	0	1	0	1	0	1	1	1	0	1	1	0	1	1	0	1	0	1	1	1
519	1	0	0	1	0	0	1	1	0	0	0	1	0	1	1	1	1	1	1	1
520	1	0	0	1	1	1	1	0	0	1	0	1	0	1	1	1	1	1	1	1
521	1	0	0	1	0	1	1	0	1	1	1	1	0	0	0	0	0	1	0	0
522	1	1	0	1	1	0	1	0	1	1	0	1	0	1	1	1	1	1	1	1
523	1	1	0	1	0	1	1	1	1	1	0	1	1	1	1	0	0	1	1	1
524	1	0	1	1	1	0	0	0	1	0	1	1	1	1	1	1	0	1	1	1
525	1	0	0	0	0	0	0	0	0	1	1	0	0	0	0	1	0	0	0	1
526	1	0	0	1	1	0	1	0	1	0	1	1	1	0	1	0	0	1	1	0
527	1	1	0	1	0	1	1	0	1	0	0	1	0	1	1	0	0	1	1	0
528	1	1	1	0	1	1	1	1	0	1	1	1	0	1	1	1	1	1	1	1
529	1	0	1	1	1	0	1	1	1	1	1	1	1	1	1	1	0	1	1	1
530	1	0	0	0	1	0	1	1	1	0	1	1	1	1	1	0	0	1	1	1
531	1	0	1	1	0	0	1	0	0	1	1	1	0	1	0	1	1	1	0	0
532	1	1	0	1	1	1	1	0	1	1	1	1	0	0	1	0	1	0	1	0
533	1	1	0	1	1	1	0	0	1	1	0	1	1	1	0	0	0	0	0	1
534	1	0	0	1	1	0	1	1	1	1	1	1	0	1	1	1	0	1	1	1
535	1	1	0	1	0	0	1	0	1	1	1	1	1	0	1	0	0	0	1	0
536	0	1	0	1	1	1	0	0	1	1	1	1	0	1	1	1	1	0	1	1
537	1	0	0	0	1	1	0	1	0	0	0	0	0	1	0	1	1	0	0	1
538	1	0	0	1	1	0	1	1	0	1	0	1	0	1	1	1	1	0	1	1
539	0	0	1	1	0	1	1	1	0	0	1	1	0	0	0	1	0	0	1	1
540	1	1	0	0	1	0	1	0	0	0	1	1	1	1	1	1	0	1	1	1
541	1	0	0	1	0	1	0	0	1	0	0	0	0	1	0	1	0	1	0	1
542	1	0	0	1	1	0	1	1	1	1	1	1	0	1	1	0	0	0	0	1
543	0	0	0	1	0	0	0	0	1	1	1	1	1	0	1	1	1	1	0	0
544	1	1	1	0	1	1	1	0	1	1	0	1	0	1	1	0	0	1	1	1
545	1	0	0	1	1	1	1	0	1	1	1	1	0	1	1	1	1	1	1	1
546	1	0	0	1	1	1	0	1	0	1	0	1	0	0	0	0	1	1	0	0
547	1	0	0	1	1	1	1	1	1	1	0	1	0	0	1	1	0	0	1	0
548	1	0	0	1	0	1	0	1	1	1	0	1	0	1	0	1	1	0	1	0
549	1	1	0	1	0	0	1	0	1	0	0	1	1	0	1	1	1	1	0	1
550	1	1	0	1	1	0	0	0	1	1	1	1	0	1	0	0	0	1	1	1
551	0	0	1	1	1	1	1	0	1	0	1	1	1	1	0	0	0	0	1	1
552	1	0	0	1	1	1	1	1	0	1	0	1	0	0	0	1	0	1	0	1
553	1	1	0	1	1	0	1	0	0	0	1	1	1	1	0	1	0	1	1	1
554	1	1	0	1	1	0	1	1	1	0	0	0	1	0	0	1	0	0	1	1
555	0	0	0	1	0	0	1	0	0	0	1	1	0	1	1	1	1	0	1	1
556	1	0	0	1	1	0	0	1	0	1	1	1	0	1	0	1	0	0	1	1
557	0	1	0	0	1	0	1	1	1	1	0	1	0	1	0	1	0	1	1	1
558	0	0	1	1	1	0	1	1	0	1	1	1	0	0	1	1	0	0	0	1
559	1	0	0	1	0	1	0	0	1	0	1	1	1	1	0	1	1	1	0	1
560	1	1	1	1	1	1	0	1	1	1	1	0	0	1	0	1	0	1	1	1
561	1	1	0	1	0	0	0	1	0	1	0	0	1	1	0	1	1	0	0	1
562	0	1	0	1	1	1	1	0	1	1	0	1	1	1	0	1	1	1	1	1
563	1	0	0	1	0	0	1	0	0	1	0	0	0	0	0	1	0	1	1	1
564	1	1	0	1	0	1	0	0	0	1	1	1	1	1	1	1	1	1	1	1
565	1	1	0	1	1	0	1	0	1	1	0	1	0	1	0	1	1	1	1	1
566	1	1	0	0	1	0	1	1	1	1	1	0	1	0	0	1	0	1	1	1
567	1	1	0	1	0	0	1	1	1	1	1	1	0	1	0	1	0	1	1	1
568	1	0	0	1	1	0	1	1	1	1	1	1	1	1	1	0	1	1	1	1
569	1	0	0	1	1	1	1	0	1	0	1	1	1	0	0	0	1	1	1	0
570	1	1	1	1	1	1	1	1	0	1	1	1	1	1	0	1	1	1	1	1
571	0	0	0	1	1	1	0	0	1	0	0	1	0	1	0	1	1	0	0	1
572	0	1	1	1	1	1	0	1	0	1	0	0	0	0	1	1	1	1	1	1
573	1	1	0	1	0	0	1	1	1	0	1	1	0	1	0	1	1	0	1	1
574	1	1	1	1	1	1	1	1	1	1	0	1	0	1	0	0	1	1	0	1
575	1	1	1	1	1	1	1	0	0	1	1	1	1	1	0	1	1	0	1	1
576	1	0	0	1	1	1	1	1	0	1	0	0	0	0	1	1	1	0	0	1
577	0	0	0	0	1	1	1	1	1	1	0	1	1	1	1	1	1	1	0	1
578	1	1	1	0	1	1	0	1	1	1	0	1	0	1	1	1	1	0	1	1
579	1	0	0	1	0	0	0	0	0	1	0	1	0	0	1	1	1	0	1	1
580	1	1	1	1	1	1	1	1	1	1	0	0	0	1	0	0	0	0	0	0
581	1	1	0	0	1	1	1	1	0	1	0	1	1	1	1	1	0	1	1	1
582	1	0	1	1	1	1	0	1	1	1	0	1	0	1	0	1	1	1	1	0
583	1	1	0	1	1	0	1	1	1	1	1	1	0	1	1	0	0	1	1	1
584	1	1	0	1	0	0	0	1	1	0	1	1	0	0	1	1	1	1	1	0
585	1	1	0	1	1	1	1	1	1	1	1	0	0	1	1	1	0	1	1	1
586	1	1	0	0	1	1	1	0	1	0	0	1	0	1	1	1	1	1	0	0
587	1	1	1	0	1	0	0	0	1	1	0	1	0	1	1	1	0	0	1	1
588	1	0	1	1	1	0	0	0	1	1	1	1	1	1	0	1	1	1	0	1
589	0	0	1	0	0	1	0	0	0	1	1	1	0	0	0	1	0	0	1	1
590	1	1	0	0	0	0	1	0	1	1	0	1	0	1	0	0	1	1	1	1
591	1	0	0	0	1	0	1	0	1	1	1	1	0	1	1	1	0	0	0	1
592	1	1	0	1	0	0	1	1	1	1	1	1	1	1	0	0	0	1	1	1
593	1	1	0	1	0	0	1	1	0	0	1	1	1	0	0	1	0	0	1	1
594	0	1	1	1	1	0	0	0	1	1	1	1	1	1	0	0	0	1	1	0
595	1	1	0	1	1	0	1	0	0	1	1	1	1	1	1	0	1	1	1	0
596	1	1	0	1	1	1	1	1	1	0	1	1	0	1	0	0	1	0	1	1
597	1	0	0	0	0	0	0	0	1	1	0	1	0	0	0	0	0	0	0	0
598	0	1	1	1	0	0	1	1	1	0	1	1	0	1	1	1	0	0	1	0
599	1	0	0	1	1	0	1	0	1	0	0	0	1	0	0	0	0	1	1	1
600	0	1	0	1	0	1	0	0	1	1	1	0	1	1	1	1	1	1	1	0
601	1	1	0	0	1	0	1	1	0	1	0	1	0	0	0	1	0	0	0	1
602	1	1	0	1	1	1	0	1	1	1	1	1	0	1	1	1	0	0	1	0
603	1	0	0	1	0	1	1	1	1	1	0	1	1	1	0	0	0	0	0	0
604	1	0	0	0	1	1	1	0	0	1	0	0	0	0	1	1	0	0	0	0
605	0	0	1	1	1	1	1	0	1	0	1	1	1	0	0	1	0	1	0	1
606	1	0	0	1	1	0	1	0	0	0	0	1	0	0	0	1	1	0	1	1
607	0	1	1	0	1	0	1	1	1	1	0	1	0	1	1	0	1	1	0	1
608	0	1	0	1	0	1	0	0	1	0	1	1	0	0	1	0	0	1	1	0
609	1	0	0	1	0	0	1	0	0	0	0	1	0	0	0	1	0	1	1	1
610	1	1	1	1	1	1	1	0	1	0	1	1	0	0	1	1	1	1	1	0
611	1	0	0	1	1	0	1	1	1	1	1	1	1	1	0	1	0	0	1	0
612	1	1	0	0	1	1	1	1	1	1	1	1	1	0	1	1	0	1	0	1
613	0	0	0	0	0	0	1	0	1	1	0	0	0	1	1	0	0	0	1	0
614	1	1	0	1	1	0	1	0	0	1	1	1	0	1	0	0	1	1	1	1
615	0	0	0	1	1	0	1	1	1	1	0	1	1	0	1	0	0	0	1	1
616	1	0	1	1	1	1	1	0	1	1	0	1	1	1	0	1	0	1	1	0
617	1	1	0	1	1	0	1	1	0	1	0	1	1	0	1	0	0	0	1	1
618	1	0	0	1	1	0	1	1	1	1	1	1	0	1	0	0	1	1	1	1
619	1	1	1	1	1	1	1	1	0	1	1	1	0	1	0	1	0	1	1	1
620	0	0	0	1	1	0	1	1	0	0	1	1	1	0	1	1	0	1	0	1
621	1	0	0	1	0	1	1	0	0	1	0	0	0	0	0	1	0	1	1	0
622	1	1	0	1	1	0	1	1	1	0	1	1	1	1	1	1	1	1	1	0
623	1	0	0	1	1	0	1	0	0	1	0	0	0	1	0	1	0	0	1	0
624	1	1	0	1	1	1	1	0	1	1	0	1	1	1	0	1	0	1	0	0
625	1	0	0	1	0	0	1	0	0	1	1	1	1	1	1	1	0	1	1	1
626	1	1	0	1	0	0	1	1	0	0	0	1	0	1	1	0	1	1	1	1
627	1	0	0	1	0	1	1	0	1	1	0	1	0	1	1	1	0	1	0	1
628	1	1	0	1	0	0	0	1	1	1	1	0	0	1	1	1	1	1	1	0
629	1	1	1	0	1	1	0	1	1	1	1	1	1	1	1	1	0	1	1	0
630	1	0	0	1	1	0	1	0	0	1	1	1	1	1	0	1	0	0	0	0
631	1	0	0	1	1	1	0	0	0	1	1	1	0	1	1	0	0	1	1	1
632	1	0	0	1	0	0	1	0	0	0	0	1	1	1	1	0	1	0	1	1
633	1	0	0	1	0	0	1	0	1	1	1	1	0	0	1	0	0	1	1	1
634	0	0	0	1	0	0	1	1	1	1	0	1	0	0	0	1	1	0	1	0
635	0	1	0	1	1	1	1	0	0	0	1	1	1	0	0	1	1	1	0	0
636	1	0	1	0	1	1	1	1	1	0	0	1	0	1	0	0	0	0	0	0
637	1	1	0	1	1	0	1	0	1	1	1	0	1	0	1	0	0	0	1	0
638	1	0	0	1	0	0	1	0	0	1	0	1	1	1	0	0	0	1	1	1
639	1	0	1	1	0	0	0	1	0	1	1	0	0	0	0	0	0	0	1	1
640	0	0	0	0	1	0	0	0	0	1	0	0	1	1	1	1	0	0	1	0
641	0	1	0	1	0	1	0	0	0	0	0	1	0	0	1	0	0	1	1	0
642	1	1	0	1	1	1	1	1	1	0	0	1	0	1	1	1	0	0	1	1
643	1	0	0	1	1	0	1	0	1	0	1	1	0	1	1	0	0	1	1	1
644	1	0	1	1	0	0	1	1	1	1	1	1	1	1	1	1	1	0	1	0
645	1	0	1	1	0	0	1	0	0	0	1	1	0	0	1	0	1	1	1	1
646	1	0	0	1	1	1	1	0	0	1	1	1	1	1	1	0	0	1	0	0
647	1	1	1	1	1	1	1	0	0	1	0	0	0	0	1	1	0	1	1	1
648	1	0	0	1	1	0	0	0	1	1	1	1	1	1	1	0	0	0	1	1
649	0	1	0	0	1	0	0	0	1	0	1	0	1	0	0	0	0	0	1	1
650	1	0	0	1	0	1	1	1	1	1	0	0	1	1	0	0	0	1	1	1
651	0	1	0	0	1	0	1	1	1	1	0	0	1	1	0	1	0	0	0	1
652	1	1	0	0	0	0	1	0	0	1	0	0	0	1	1	1	0	0	0	0
653	1	1	0	1	0	0	0	0	0	1	0	0	0	1	1	1	0	0	1	1
654	1	0	1	1	1	1	0	1	0	1	1	1	1	1	0	1	0	0	1	1
655	1	0	0	1	1	0	1	0	1	1	1	1	0	1	0	1	1	1	1	0
656	1	0	0	1	1	0	0	1	0	1	0	0	1	1	0	1	1	0	1	1
657	0	0	0	1	1	1	1	0	0	1	0	0	1	1	1	1	0	0	0	0
658	1	0	0	1	1	0	1	1	0	1	0	1	0	1	0	1	1	0	1	0
659	1	1	1	1	1	1	1	0	0	1	0	1	0	1	1	1	0	0	1	1
660	1	0	0	0	1	0	1	0	1	1	0	1	1	0	1	0	1	1	1	1
661	1	0	0	1	0	0	1	0	0	1	1	1	0	1	0	0	0	0	0	0
662	1	0	0	1	1	0	1	0	0	1	1	1	0	0	1	1	0	0	1	0
663	1	0	1	0	1	1	0	0	1	1	1	1	1	1	1	1	0	0	0	1
664	1	0	0	1	1	0	1	1	1	1	1	1	0	1	0	1	0	1	1	1
665	1	0	0	1	1	0	1	0	1	1	1	1	0	1	1	0	1	1	1	1
666	1	0	0	1	1	0	1	1	1	1	0	1	0	0	0	0	0	0	0	0
667	1	0	0	1	0	0	1	1	0	1	0	0	0	0	1	1	0	1	1	1
668	1	1	1	1	0	0	0	1	1	1	0	1	0	1	0	1	0	1	1	1
669	1	1	0	1	1	0	0	0	1	1	0	1	1	0	1	1	1	0	0	0
670	1	0	0	1	0	0	0	1	1	1	1	1	0	0	1	1	1	0	1	1
671	1	0	0	0	0	0	0	0	1	1	0	1	0	1	1	1	0	1	1	1
672	1	0	0	1	0	0	1	1	1	1	1	1	0	1	1	1	1	1	1	1
673	1	1	0	0	1	0	1	1	1	0	0	1	0	1	1	0	1	0	1	0
674	1	0	0	0	0	1	1	1	1	0	1	1	0	1	1	1	1	0	0	1
675	1	1	0	1	0	0	1	0	0	0	1	1	0	1	1	1	0	1	1	1
676	1	1	0	1	1	0	1	0	0	1	1	0	1	1	0	1	1	0	1	0
677	0	1	0	1	1	0	1	0	1	1	1	1	0	0	1	0	1	1	1	0
678	1	0	0	1	1	1	1	1	1	1	1	1	1	1	1	1	0	1	1	1
679	0	0	0	1	0	0	1	1	1	0	1	0	0	0	1	1	1	0	1	1
680	1	1	0	1	1	0	1	1	1	1	1	1	1	0	1	1	0	1	1	0
681	1	1	0	1	1	0	1	0	1	1	0	1	1	1	1	1	0	0	1	1
682	1	1	0	1	0	0	1	0	0	0	1	0	1	0	1	0	1	1	1	1
683	1	1	1	1	1	0	1	0	0	1	1	0	0	0	0	1	0	0	1	1
684	1	1	0	1	0	0	1	1	1	1	0	0	0	0	0	1	0	0	0	1
685	1	0	1	1	0	1	0	1	0	0	0	1	1	1	0	1	0	0	0	0
686	0	0	0	1	0	1	0	0	0	0	1	1	1	0	0	1	0	0	0	1
687	0	1	0	1	1	1	1	0	0	1	1	1	0	1	0	1	0	1	1	1
688	1	1	0	1	1	1	1	1	1	1	0	1	0	1	1	1	1	0	1	1
689	1	1	1	1	1	0	0	0	0	1	1	1	1	1	0	1	1	1	0	0
690	0	0	0	1	1	0	1	0	0	1	0	1	0	1	0	0	1	1	1	1
691	0	1	0	1	1	0	1	1	1	0	0	1	0	0	1	0	1	0	0	1
692	0	0	1	1	1	0	1	1	1	1	1	0	0	1	0	0	1	0	1	1
693	1	0	0	1	0	1	1	1	1	1	0	1	1	1	1	0	1	0	1	1
694	1	0	0	1	0	0	1	1	1	0	0	1	1	1	0	1	1	0	0	0
695	1	1	0	1	1	0	0	1	1	1	0	1	1	1	1	1	0	1	1	0
696	1	0	0	0	0	1	1	1	1	0	1	1	0	0	1	0	0	0	0	1
697	1	0	0	1	1	0	1	0	0	1	1	1	0	1	0	1	1	1	1	1
698	1	1	0	1	1	1	1	1	0	0	1	1	0	1	0	1	0	0	0	1
699	1	1	0	1	1	1	0	0	1	0	0	1	1	0	0	1	0	1	1	0
700	0	1	0	1	1	0	1	0	0	0	1	1	0	1	0	1	1	1	1	0
701	0	1	1	0	1	0	1	1	1	1	1	1	0	1	1	0	0	1	1	1
702	1	1	0	1	1	0	1	0	0	1	1	0	0	1	1	1	0	1	1	1
703	1	1	1	1	1	0	1	0	1	1	1	0	0	1	1	1	0	1	1	1
704	1	1	1	1	1	1	1	1	1	1	0	1	1	1	1	1	1	1	1	0
705	0	0	0	1	0	0	0	1	0	1	1	1	1	0	1	1	1	0	1	1
706	1	1	0	1	1	0	1	0	1	1	1	0	0	1	1	1	0	1	1	0
707	1	0	1	1	0	0	1	0	0	1	0	1	0	0	0	1	0	1	1	1
708	0	0	0	1	0	1	1	0	0	1	1	1	0	0	0	1	1	1	1	1
709	1	0	1	1	1	0	1	0	1	0	1	1	1	1	0	1	1	1	1	1
710	1	0	0	1	1	1	0	1	1	1	1	1	0	1	0	1	0	1	0	1
711	1	1	1	1	0	1	1	0	0	1	0	1	0	1	0	1	0	1	1	1
712	0	1	0	1	1	0	1	0	1	0	0	1	1	1	1	1	0	1	1	1
713	1	0	0	1	0	1	1	1	0	1	1	0	0	1	1	0	0	0	1	1
714	1	1	0	0	0	0	0	0	0	1	1	1	0	0	1	0	1	0	1	0
715	1	1	1	1	0	0	1	0	1	1	0	1	0	0	1	1	1	1	1	1
716	0	0	0	1	0	0	1	0	0	1	1	0	0	1	1	0	1	0	0	1
717	1	1	0	1	1	1	1	0	0	1	1	1	1	1	0	1	1	1	1	1
718	1	0	0	1	1	0	0	1	0	1	0	1	0	1	1	0	0	1	0	1
719	0	0	0	1	1	0	0	1	1	0	0	0	1	0	1	0	0	1	1	1
720	1	1	0	1	0	0	0	1	1	1	1	1	0	1	0	0	0	1	1	1
721	1	0	0	1	1	0	1	1	0	1	0	1	0	0	0	0	0	0	1	1
722	1	0	0	1	1	1	1	0	1	0	1	0	0	1	1	1	0	0	1	0
723	1	1	1	1	1	1	1	1	0	1	1	1	1	1	1	1	0	0	1	1
724	1	1	0	1	1	1	1	1	0	1	1	1	0	1	1	1	1	1	1	1
725	0	1	1	1	1	0	1	0	0	1	1	1	1	1	1	0	1	1	1	1
726	1	1	0	1	1	1	0	1	1	1	1	1	0	0	1	1	0	0	1	0
727	0	1	1	1	0	0	0	1	1	1	1	1	0	1	0	1	1	0	0	1
728	1	1	0	1	1	0	1	1	0	1	1	0	0	0	1	0	0	1	0	1
729	1	1	0	0	1	0	1	1	1	1	0	1	0	1	0	1	1	1	1	1
730	1	1	0	1	0	0	0	1	0	1	0	1	0	1	1	1	1	0	1	1
731	0	0	0	1	0	0	1	0	1	1	0	1	1	1	1	0	1	0	1	0
732	1	1	1	1	1	1	1	1	0	1	1	1	0	1	0	1	1	0	1	1
733	1	0	0	0	0	1	1	1	1	1	0	1	1	0	1	1	1	1	0	1
734	0	0	1	1	1	0	0	1	1	1	0	1	0	0	1	1	0	0	1	0
735	1	0	0	1	1	0	1	1	1	1	0	1	1	1	1	1	0	0	1	1
736	1	0	0	1	1	0	1	0	1	1	1	1	0	1	0	1	0	0	1	1
737	0	1	1	1	1	0	1	0	1	0	1	1	0	1	1	0	0	0	1	1
738	1	1	0	1	1	1	1	0	0	0	0	1	0	1	1	1	1	1	0	1
739	1	0	0	1	1	0	1	0	1	1	0	1	0	0	0	1	0	1	0	1
740	1	0	0	1	0	1	1	0	1	0	0	1	0	0	1	0	0	1	1	0
741	1	0	0	1	1	0	1	0	1	1	1	1	0	1	1	1	1	0	1	1
742	0	0	0	1	0	0	1	0	0	0	1	1	0	0	1	0	1	1	1	1
743	0	0	0	0	0	1	0	1	0	1	0	0	0	0	0	1	1	1	1	1
744	1	0	0	1	1	1	1	1	0	1	1	0	0	0	0	1	1	0	0	1
745	1	1	0	0	1	1	1	1	1	1	1	1	0	1	0	1	1	1	1	1
746	1	0	0	0	1	0	1	0	1	1	1	1	0	0	1	0	0	1	1	1
747	1	1	1	0	1	0	0	1	1	0	1	1	1	0	1	1	1	1	1	1
748	0	0	0	1	0	1	0	1	1	1	1	1	0	1	1	1	0	1	1	1
749	1	1	0	1	0	1	0	0	1	1	1	0	0	1	1	0	1	0	1	1
750	0	1	1	1	1	1	0	0	1	1	0	1	0	1	0	1	0	1	0	1
751	1	0	0	1	1	1	1	1	0	1	1	1	0	1	1	1	1	0	1	1
752	0	1	1	0	0	1	0	1	0	1	1	1	0	1	1	1	1	1	0	1
753	0	1	0	0	1	0	1	0	1	1	1	1	0	1	1	0	1	1	1	0
754	1	0	0	1	0	0	0	0	1	0	0	1	0	1	0	1	0	1	1	1
755	1	1	0	0	0	0	1	0	1	1	1	1	0	1	0	1	0	1	1	0
756	1	1	1	1	1	1	1	1	1	1	1	1	0	1	1	1	1	1	0	1
757	1	0	0	1	1	1	1	1	0	1	0	1	0	1	1	1	1	1	1	1
758	1	1	1	1	1	1	1	1	1	1	1	1	1	1	1	1	1	1	1	1
759	1	1	0	1	0	0	1	0	0	1	1	1	1	1	0	1	0	0	1	1
760	1	0	0	1	1	1	1	0	0	1	0	1	1	1	1	0	0	0	1	1
761	1	0	0	0	1	0	1	1	1	1	1	0	0	1	1	1	1	1	1	0
762	1	1	0	1	0	0	0	1	0	1	0	0	0	0	0	0	1	1	1	0
763	1	0	0	1	0	1	1	1	0	0	0	1	0	0	1	1	0	1	1	1
764	0	0	0	1	0	1	1	0	0	1	1	0	1	0	0	0	0	1	1	1
765	1	0	1	1	1	1	0	0	1	1	0	1	1	1	0	0	0	1	1	1
766	1	0	0	1	0	0	1	1	0	1	0	1	0	1	0	1	1	1	1	1
767	1	0	0	1	1	1	1	0	0	1	1	0	0	0	0	0	1	0	1	1
768	0	0	0	0	1	1	1	1	0	0	1	0	1	0	0	1	0	1	1	1
769	1	1	0	1	1	1	0	1	1	1	1	0	0	0	0	1	1	0	1	1
770	1	0	0	1	1	0	1	1	1	1	0	0	1	1	1	1	1	1	1	0
771	1	0	0	1	0	0	1	0	1	1	1	1	0	1	1	1	0	1	1	1
772	0	1	1	1	1	0	1	1	1	0	1	1	1	1	1	1	1	1	1	1
773	0	1	1	1	0	0	0	1	0	1	1	1	1	1	1	0	1	0	1	1
774	0	0	0	1	1	0	0	0	0	1	0	1	0	1	1	1	0	0	1	1
775	1	0	0	1	1	0	1	1	1	1	0	0	1	1	1	0	0	1	1	1
776	1	0	1	1	0	1	1	0	0	0	0	1	0	0	1	1	0	0	0	1
777	1	0	0	1	0	1	1	0	0	0	0	0	0	1	0	0	0	0	1	0
778	1	1	0	1	1	0	1	1	1	1	1	1	1	1	1	1	0	1	1	1
779	1	0	0	1	0	0	1	0	1	0	0	1	0	1	0	1	0	0	1	1
780	1	1	0	1	1	0	0	0	0	0	1	1	1	0	0	1	1	1	1	0
781	1	0	0	1	0	0	1	0	1	1	1	1	1	1	1	1	0	1	1	1
782	1	1	1	1	0	1	1	0	1	1	0	1	0	0	1	1	1	0	1	1
783	1	1	1	1	1	0	1	1	0	1	1	1	1	1	0	1	1	1	1	0
784	1	0	1	0	0	0	0	1	0	1	1	1	0	0	0	1	0	1	0	1
785	1	0	1	1	1	1	1	0	1	0	0	1	1	1	1	1	1	0	1	1
786	1	0	0	1	1	1	1	1	1	1	1	1	0	1	1	1	1	1	1	1
787	0	1	1	1	1	1	1	0	1	0	0	0	1	1	1	1	1	1	1	0
788	1	1	0	0	0	0	1	1	1	1	1	1	1	1	1	1	1	1	1	1
789	1	0	1	1	0	0	1	0	0	1	1	1	0	1	1	1	1	1	1	1
790	1	1	0	1	1	0	0	1	1	1	0	1	0	0	1	0	0	1	1	1
791	1	1	0	1	0	1	1	0	0	1	1	0	0	1	1	1	0	0	1	1
792	0	1	1	1	0	1	0	1	1	1	1	1	1	1	1	1	1	1	0	0
793	0	0	0	0	1	0	1	1	0	0	0	0	0	0	1	1	1	1	0	0
794	1	0	0	1	0	0	1	0	1	1	1	1	0	0	1	1	1	1	0	1
795	1	0	0	1	0	1	1	0	1	0	1	1	0	1	0	0	1	1	0	0
796	1	0	1	0	1	0	1	1	1	0	0	1	1	1	1	1	1	1	1	1
797	1	0	0	1	1	1	1	0	1	0	1	1	0	0	0	0	0	0	0	1
798	1	0	0	0	1	1	1	0	1	1	1	1	0	1	0	1	1	1	1	0
799	1	0	0	1	1	0	1	1	0	1	0	0	1	0	1	1	0	0	0	1
800	1	0	0	1	0	0	1	1	1	1	0	1	0	1	1	0	0	1	1	1
801	0	0	0	1	1	0	1	1	1	1	0	1	0	1	1	1	1	1	1	1
802	1	1	0	1	1	1	1	1	0	1	0	0	1	1	1	1	1	1	1	0
803	1	1	1	0	0	1	1	1	1	1	1	1	0	1	1	1	0	1	1	0
804	0	0	0	1	1	1	0	1	1	1	0	0	0	1	1	1	0	1	1	1
805	0	0	0	1	1	1	1	0	1	1	0	1	0	1	1	0	1	0	1	1
806	1	1	0	1	1	0	0	0	1	1	0	1	1	0	1	1	1	1	1	1
807	1	0	1	1	0	1	0	0	0	1	1	0	1	1	0	0	0	1	1	0
808	0	1	0	1	0	1	1	0	0	0	0	0	0	0	1	1	0	0	1	0
809	1	0	0	0	0	0	1	1	1	0	0	1	1	0	1	1	1	0	0	0
810	1	1	1	1	0	0	1	0	1	1	0	1	0	0	0	0	0	1	1	0
811	1	0	1	1	0	1	1	0	1	0	1	1	0	1	0	1	0	1	1	0
812	1	0	0	0	0	0	1	1	0	1	1	1	0	1	0	1	1	1	1	0
813	0	1	0	0	1	1	1	1	1	1	1	1	1	1	0	0	1	1	1	1
814	1	0	1	0	0	0	1	1	1	1	0	0	1	1	1	1	0	1	0	0
815	0	0	0	0	0	0	0	0	0	0	1	0	1	0	0	1	0	1	1	0
816	0	0	0	1	1	0	0	0	1	0	1	1	1	1	1	1	0	1	1	0
817	1	1	0	1	0	1	1	0	0	0	1	1	1	1	0	1	1	1	1	1
818	1	0	1	1	1	0	1	1	0	1	1	1	0	0	1	1	0	1	1	0
819	1	0	0	1	1	1	0	0	1	1	1	1	1	1	1	1	0	1	1	1
820	1	1	1	1	1	1	1	0	1	1	0	0	0	0	0	1	0	1	1	1
821	1	1	0	1	1	0	0	1	0	1	1	0	0	0	1	0	1	0	1	1
822	1	0	0	1	0	0	1	1	1	1	1	1	0	1	0	1	1	1	1	0
823	1	0	0	1	1	0	0	1	1	1	1	1	0	1	1	0	0	1	1	0
824	1	1	0	1	0	1	1	1	1	1	1	1	1	1	0	1	1	1	1	1
825	1	0	0	0	1	1	1	0	0	1	0	1	0	0	1	1	0	1	1	0
826	1	0	1	1	0	0	1	0	1	1	1	0	0	1	1	0	1	0	1	1
827	1	0	0	1	1	0	1	0	0	1	1	1	1	1	0	1	1	1	1	1
828	1	0	0	1	0	0	1	1	1	1	1	1	1	0	1	1	0	0	0	1
829	0	1	0	1	0	0	1	1	0	1	1	0	0	0	1	1	0	1	0	1
830	0	0	0	1	1	1	1	1	1	0	0	1	0	1	1	1	0	1	1	0
831	1	1	1	1	1	1	1	0	1	1	0	1	0	1	0	1	1	1	1	0
832	1	1	0	1	1	0	1	1	0	1	1	1	1	1	1	1	1	0	1	1
833	0	0	0	0	0	0	1	1	0	1	0	1	0	0	1	0	1	0	1	1
834	0	0	1	1	1	1	0	0	0	1	0	1	0	0	1	1	0	1	1	1
835	0	1	0	1	1	1	1	0	1	1	1	1	0	1	1	0	0	1	1	1
836	0	0	0	1	1	0	1	1	0	1	1	1	1	0	0	0	1	1	1	1
837	1	1	0	1	0	1	1	0	1	0	0	1	0	1	1	1	0	0	0	1
838	1	1	0	0	0	1	1	0	1	1	0	1	1	1	1	1	1	1	0	1
839	1	0	0	1	1	0	1	1	0	1	0	1	1	1	1	0	0	1	1	1
840	1	1	0	1	1	1	0	1	0	1	1	1	1	1	1	1	1	1	1	1
841	1	0	0	1	1	0	1	0	1	0	0	1	1	0	1	1	0	1	1	0
842	1	0	1	1	0	1	0	1	1	1	0	1	0	1	1	0	1	0	1	0
843	1	0	1	1	1	0	0	1	0	0	1	0	0	0	1	0	0	0	1	1
844	0	0	0	1	0	0	1	1	1	1	0	1	1	1	1	0	0	0	1	1
845	1	0	0	1	1	0	1	0	0	0	0	0	0	0	1	0	0	1	0	1
846	1	1	0	1	0	0	0	1	1	0	0	1	0	0	0	0	1	1	1	1
847	1	0	1	1	1	0	1	1	1	1	0	1	0	1	1	1	0	1	1	1
848	1	1	1	0	1	1	1	0	1	1	0	0	1	1	0	1	1	1	1	1
849	1	1	0	1	1	0	1	1	1	1	1	1	1	1	1	1	1	1	1	1
850	1	1	0	1	0	1	0	0	1	1	0	1	0	0	1	1	0	0	0	1
851	1	1	0	1	1	1	1	0	1	1	1	1	1	1	0	0	0	1	1	1
852	1	0	0	1	1	1	1	1	1	1	1	1	1	1	1	1	1	1	1	1
853	1	1	0	1	0	1	0	0	0	0	0	0	0	1	0	0	1	0	0	1
854	0	1	0	1	0	1	1	0	1	1	1	1	1	1	1	1	1	1	1	0
855	0	0	0	0	0	1	0	0	0	1	1	0	0	0	1	1	1	0	0	0
856	1	0	0	0	0	0	1	0	0	0	0	1	1	0	0	1	0	1	0	1
857	0	0	0	1	1	1	1	1	0	1	1	1	1	1	1	1	0	0	1	0
858	1	1	0	0	1	0	0	0	0	0	0	1	0	1	1	1	0	0	1	0
859	1	0	0	0	1	1	1	1	1	1	1	1	1	1	0	0	1	1	0	1
860	0	0	1	0	1	0	0	1	1	1	1	1	1	0	1	1	1	1	1	1
861	1	0	0	1	1	1	1	0	0	1	0	1	0	1	0	0	1	0	1	1
862	1	1	0	1	0	0	0	0	0	1	1	0	0	1	1	1	1	1	1	0
863	1	1	0	1	0	1	1	1	1	0	1	1	0	1	0	1	0	1	1	1
864	1	0	0	1	1	1	1	1	0	1	0	1	0	1	0	1	0	1	1	1
865	1	1	0	0	1	1	0	1	0	1	1	1	0	1	1	1	0	1	0	0
866	1	1	0	1	1	1	1	1	1	1	1	1	0	1	0	1	1	1	1	1
867	0	0	0	1	0	0	1	0	1	1	1	1	1	1	1	1	1	0	1	1
868	1	1	1	1	1	0	1	0	1	1	1	1	1	1	1	1	1	1	1	1
869	0	0	0	1	0	0	0	1	1	1	1	1	1	1	0	1	0	0	1	0
870	1	1	0	0	0	1	1	1	1	1	1	0	1	1	1	1	0	0	1	0
871	0	0	0	1	0	1	1	0	0	1	1	1	0	0	1	1	0	0	1	0
872	1	1	1	1	0	0	1	0	0	1	1	0	0	1	1	1	1	1	0	0
873	1	0	0	1	0	1	1	0	1	1	1	1	0	1	1	1	1	0	1	0
874	0	0	1	1	0	0	1	0	0	1	1	0	1	1	0	1	0	1	0	0
875	1	1	0	0	1	1	1	1	1	0	1	0	0	1	0	0	0	1	1	1
876	1	0	0	1	1	1	1	1	0	1	1	0	1	0	1	0	1	0	0	1
877	1	1	1	1	1	1	1	1	0	0	1	0	1	1	1	1	1	1	1	1
878	1	0	0	1	1	1	1	1	1	1	0	0	0	1	1	1	0	0	1	1
879	1	0	0	1	0	0	0	0	0	0	0	1	0	1	1	1	0	0	1	0
880	0	1	0	1	1	0	1	1	0	1	1	0	1	1	1	1	1	1	1	1
881	1	0	1	1	1	1	1	1	1	1	0	1	0	1	1	1	0	1	1	1
882	0	0	1	1	0	0	1	0	1	0	1	1	0	1	0	0	0	1	0	0
883	0	0	1	1	0	0	1	0	0	1	1	1	0	1	0	1	0	0	1	1
884	0	0	1	1	1	0	0	1	1	1	1	0	1	0	1	1	0	0	1	1
885	1	0	1	1	1	0	1	0	1	0	1	1	0	1	1	0	0	1	1	1
886	0	1	0	1	1	0	0	0	0	1	1	1	0	1	0	1	1	1	0	1
887	0	0	0	1	1	1	0	0	1	1	0	1	1	0	0	0	1	1	1	0
888	1	1	0	1	1	1	0	1	1	1	0	0	0	1	1	1	1	0	1	0
889	1	1	0	1	1	1	1	1	0	1	0	1	1	1	1	1	0	1	1	1
890	1	1	0	1	1	1	1	0	1	1	0	1	1	0	0	1	0	1	1	1
891	1	0	0	1	1	1	1	0	1	1	0	1	0	0	0	1	1	1	1	1
892	0	1	0	1	0	1	1	1	1	1	0	1	0	1	1	1	0	0	0	1
893	1	1	0	0	0	0	0	0	1	0	1	1	1	0	1	1	1	1	0	1
894	1	0	0	1	1	0	1	0	0	0	1	1	1	1	0	0	1	1	1	0
895	1	1	0	1	1	1	0	1	0	1	1	1	0	1	1	1	0	1	1	1
896	1	1	0	1	1	0	0	0	1	0	1	1	1	0	1	0	0	0	1	1
897	1	0	0	1	0	0	1	0	1	1	1	1	0	0	1	1	1	1	0	1
898	1	1	1	1	0	0	0	1	1	1	0	1	0	1	1	0	1	0	1	0
899	0	0	0	1	0	0	1	1	0	1	1	1	1	1	1	1	0	1	0	0
900	1	1	1	1	1	1	1	1	0	1	1	1	0	1	1	0	1	1	1	1
901	1	1	1	1	1	1	1	0	0	0	1	1	1	1	1	1	1	1	1	0
902	0	0	0	1	0	0	1	1	0	1	0	0	0	1	1	0	0	1	1	1
903	1	1	0	1	1	0	1	1	1	1	1	1	0	1	0	1	0	1	1	1
904	0	0	0	0	0	0	0	1	0	1	1	0	0	0	1	0	0	1	1	1
905	0	0	0	1	1	0	0	0	1	1	0	1	0	0	0	0	1	1	1	0
906	1	0	1	1	1	0	0	0	1	1	1	0	0	1	1	1	1	1	1	1
907	1	1	0	1	0	0	1	0	1	1	1	1	1	0	0	0	0	0	1	1
908	1	0	1	1	1	1	1	0	0	1	1	1	0	1	1	1	1	1	1	1
909	1	0	0	1	1	1	1	1	0	1	1	1	1	0	0	1	0	1	1	1
910	1	1	0	1	0	0	0	0	1	1	1	1	1	1	1	1	0	1	1	1
911	1	0	1	1	0	1	1	0	0	1	0	1	0	0	0	1	0	1	1	1
912	1	0	0	0	0	0	1	1	1	0	1	0	0	1	0	1	1	0	1	0
913	1	1	1	1	1	0	1	0	0	1	1	1	0	1	1	0	0	1	1	1
914	1	1	0	1	1	0	0	0	1	1	0	1	0	0	1	1	0	0	1	1
915	1	0	1	1	1	1	0	0	0	1	0	1	0	0	0	0	0	1	0	1
916	1	0	0	0	0	1	1	1	1	0	1	1	0	0	0	1	0	0	0	1
917	1	0	0	1	1	0	0	0	0	1	1	1	0	1	0	0	0	1	1	1
918	1	0	0	1	0	0	1	0	1	1	1	1	1	1	0	1	0	1	1	1
919	1	0	0	0	0	1	1	1	0	0	1	1	1	1	1	0	0	1	1	1
920	1	0	1	1	1	0	1	1	1	1	1	1	1	0	1	1	1	1	0	1
921	1	0	0	1	1	1	0	0	0	0	0	1	0	1	1	1	1	1	1	1
922	1	0	0	1	1	1	1	1	0	1	0	0	0	1	0	1	0	0	0	1
923	1	1	1	1	1	0	0	1	1	1	1	1	1	1	1	1	1	1	1	0
924	1	1	0	1	1	1	0	1	0	1	0	0	1	1	1	0	0	1	1	1
925	0	1	0	1	0	0	1	0	0	1	0	1	0	1	1	0	0	1	1	1
926	0	0	0	1	0	1	0	0	1	0	0	0	0	0	1	1	0	1	1	0
927	1	1	0	1	1	0	0	1	1	1	0	1	0	1	1	1	0	1	1	0
928	1	1	0	0	0	1	1	1	1	1	0	1	0	0	1	0	0	0	0	1
929	1	0	0	1	1	1	1	1	0	0	0	1	0	1	1	0	0	0	0	1
930	1	0	0	1	1	0	0	1	1	1	1	0	0	0	1	0	1	1	0	0
931	1	0	0	1	1	0	1	0	1	1	1	1	1	1	1	1	1	0	1	1
932	0	0	0	1	0	0	1	1	0	0	1	0	0	1	1	1	0	1	0	1
933	1	0	0	0	1	0	1	0	1	0	0	1	0	1	0	0	1	1	1	1
934	0	0	1	1	1	1	1	1	1	1	0	1	1	1	0	1	1	1	1	0
935	1	1	1	1	0	1	0	0	1	0	1	1	1	1	1	1	1	0	1	1
936	1	0	0	1	1	0	1	0	1	0	1	1	1	0	1	1	0	1	1	0
937	1	0	1	1	1	0	0	0	1	0	1	0	1	1	1	1	1	1	1	1
938	1	1	1	1	1	1	1	0	1	0	1	1	1	1	0	0	1	1	1	1
939	1	0	0	1	1	0	1	0	1	0	0	0	1	1	1	0	0	1	1	1
940	1	1	1	1	0	1	1	0	0	1	0	1	1	1	0	1	1	1	1	1
941	1	1	0	1	1	0	1	1	0	1	1	1	1	1	1	0	1	1	1	1
942	1	0	0	1	1	1	0	0	0	1	0	1	0	1	1	0	0	0	0	1
943	1	0	0	1	0	1	0	0	1	1	1	0	0	1	0	1	0	1	1	0
944	1	0	0	1	0	1	0	0	0	1	0	1	0	0	0	0	0	0	0	1
945	1	0	1	1	1	0	0	0	0	0	0	1	0	1	1	0	0	0	0	1
946	1	0	0	0	1	0	0	1	1	1	0	1	0	1	0	0	0	1	0	1
947	0	1	0	1	1	1	1	0	1	1	1	1	0	1	0	1	1	0	0	1
948	1	0	0	1	1	1	0	1	1	1	0	1	0	1	0	1	0	1	1	0
949	1	1	1	1	1	0	1	0	1	1	1	1	1	1	0	0	1	1	1	1
950	1	0	0	1	1	1	1	1	1	1	1	1	0	0	1	1	1	1	1	1
951	1	0	0	1	1	1	0	0	1	0	0	1	1	0	1	0	1	1	1	1
952	0	1	0	0	0	0	1	1	1	1	0	1	0	0	1	1	0	1	1	0
953	1	0	0	0	0	0	0	1	1	0	1	0	1	0	0	0	0	0	1	0
954	1	0	0	1	0	1	1	0	1	0	0	1	1	0	1	0	1	0	1	0
955	1	0	0	1	0	1	1	1	0	1	1	1	0	0	0	1	0	0	1	1
956	1	1	0	1	1	1	1	0	1	1	1	1	0	1	1	1	0	1	0	1
957	1	1	1	1	1	1	1	1	0	1	1	1	1	0	1	1	0	0	1	1
958	1	1	0	1	0	1	1	1	1	1	1	1	0	1	0	1	0	1	1	1
959	1	0	1	1	0	0	0	1	1	1	1	1	1	1	1	0	1	0	1	1
960	1	1	0	1	0	0	1	0	0	0	1	1	1	1	1	1	0	0	1	0
961	1	0	0	1	0	0	0	0	1	1	0	1	0	0	1	0	1	1	1	0
962	1	1	0	1	1	1	1	1	0	1	1	1	0	1	0	0	1	1	1	1
963	1	1	0	0	1	0	0	0	0	1	1	1	0	1	1	0	1	0	1	1
964	0	0	0	1	0	0	1	1	0	0	1	0	0	1	1	0	1	0	1	1
965	1	1	0	1	1	1	0	0	0	0	0	0	0	0	0	0	0	1	0	1
966	1	0	1	1	1	0	1	0	0	1	0	0	0	0	0	1	0	1	0	0
967	1	0	0	1	0	1	0	1	1	1	1	1	1	1	1	1	1	1	1	1
968	1	1	0	1	1	0	1	1	1	1	0	1	0	1	0	1	0	1	0	1
969	1	1	0	1	1	1	0	1	0	1	0	1	1	1	1	1	0	0	1	1
970	1	1	0	1	1	0	1	0	0	0	1	1	0	1	1	1	1	1	1	0
971	1	1	0	0	0	0	0	0	1	0	1	1	0	0	1	1	1	1	1	1
972	1	1	0	1	1	1	0	1	1	1	0	1	1	1	1	0	1	1	0	1
973	0	0	0	1	1	0	0	1	1	0	1	1	0	1	1	1	1	1	1	1
974	0	0	1	1	1	0	1	0	0	0	0	1	1	0	0	0	0	1	1	0
975	1	0	0	1	0	0	1	0	0	1	1	1	0	0	1	0	0	1	1	0
976	1	0	0	1	1	1	1	1	1	1	0	1	1	1	1	1	0	0	1	0
977	0	0	0	1	1	0	1	0	1	1	0	1	0	1	0	0	1	0	0	0
978	1	1	0	1	0	0	1	0	0	1	0	0	0	0	0	1	0	1	1	1
979	0	1	1	1	1	0	1	1	1	1	0	1	1	1	0	1	0	1	1	1
980	0	0	1	1	1	1	1	1	0	0	1	1	0	1	1	1	1	1	1	1
981	1	1	0	1	1	0	0	0	0	1	1	1	0	0	1	0	0	1	1	0
982	1	1	1	1	1	0	1	0	0	1	0	1	0	1	1	1	1	1	1	0
983	1	0	0	1	1	0	1	0	0	1	1	1	0	1	1	0	0	1	0	1
984	1	0	0	1	1	1	1	0	1	1	0	1	1	1	0	0	0	1	1	0
985	1	1	1	1	1	0	1	0	1	0	0	0	0	0	1	1	1	1	1	1
986	1	0	0	0	0	1	1	0	1	1	0	1	1	1	0	1	1	1	1	1
987	0	1	0	1	1	1	1	0	1	1	0	1	1	1	1	1	1	1	1	1
988	1	0	1	0	1	1	1	1	0	0	0	1	1	1	1	1	1	0	1	1
989	1	0	1	0	0	0	1	1	0	1	1	1	0	1	1	1	0	1	0	1
990	0	1	0	1	1	0	1	1	0	1	1	1	1	1	0	1	0	1	1	0
991	1	1	0	0	0	0	0	0	1	0	0	0	0	1	1	1	0	1	0	1
992	1	1	0	1	0	0	1	1	0	0	0	1	1	1	0	0	0	1	0	1
993	1	0	1	0	1	0	1	0	1	1	0	1	0	1	0	1	0	1	1	0
994	1	1	0	0	1	1	0	1	1	1	1	1	1	0	0	0	1	0	1	1
995	1	1	0	1	1	0	1	0	1	1	1	1	1	0	0	1	0	0	1	1
996	1	0	0	1	1	0	1	1	0	1	1	1	0	0	1	0	0	1	1	1
997	0	0	1	1	0	0	0	0	1	0	0	1	0	0	0	1	1	0	1	1
998	0	1	0	1	0	1	1	0	1	1	1	1	0	1	1	1	0	1	1	1
999	1	0	0	0	1	1	0	1	1	1	0	1	0	1	0	1	1	0	1	0
1000	1	0	0	1	0	0	0	0	1	1	1	0	0	1	1	1	1	0	1	1
1001	1	1	0	0	1	0	1	0	1	1	0	1	1	1	1	0	0	1	1	1
1002	1	1	0	1	1	0	1	1	0	1	0	1	0	0	1	0	1	1	0	1
1003	1	1	0	1	0	0	1	0	1	0	0	1	0	0	1	0	0	1	0	0
1004	1	0	1	1	1	0	1	0	1	0	1	1	0	0	0	0	0	1	1	0
1005	1	1	0	0	1	1	0	1	0	1	1	1	1	1	1	1	0	1	1	1
1006	1	0	0	0	0	1	0	1	1	1	0	0	0	0	0	0	0	0	1	1
1007	0	1	0	1	0	0	1	1	0	1	1	1	0	1	1	1	1	1	0	1
1008	1	0	0	1	0	0	1	0	1	0	0	1	0	0	1	1	1	1	1	1
1009	0	1	0	1	1	0	0	0	0	1	0	1	0	0	0	1	0	1	1	0
1010	1	1	0	0	0	0	0	0	1	1	0	1	0	1	1	0	1	1	0	1
1011	1	0	1	1	0	0	1	0	1	1	0	1	1	1	1	1	0	0	1	1
1012	1	1	1	0	1	0	0	1	1	1	1	1	1	1	1	1	1	1	1	1
1013	1	1	0	1	0	0	1	0	0	1	0	1	1	1	1	1	0	1	0	0
1014	0	0	1	1	1	1	1	0	1	1	0	0	1	1	1	1	1	0	1	1
1015	1	0	0	1	1	0	0	1	1	1	1	0	0	1	0	0	1	0	0	1
1016	1	0	0	1	1	1	1	1	0	1	1	0	0	1	0	1	0	1	1	1
1017	0	1	0	1	1	0	0	0	0	0	0	1	0	0	0	1	1	0	1	1
1018	1	1	1	1	0	1	0	0	1	1	1	1	0	1	1	1	1	0	1	1
1019	0	1	1	1	1	0	1	1	0	0	0	0	0	1	0	1	0	0	1	1
1020	1	1	1	1	0	1	1	1	1	1	1	1	1	1	1	1	0	1	0	0
1021	1	0	0	1	1	0	0	0	0	0	0	0	0	1	0	0	0	1	1	1
1022	1	0	0	1	0	1	1	1	1	1	0	1	0	0	1	1	1	1	1	1
1023	1	0	1	1	1	0	1	0	1	0	0	0	1	1	0	0	0	1	1	0
1024	1	0	0	1	0	1	1	1	1	1	0	1	0	0	0	1	1	1	0	0
1025	1	1	0	1	1	0	0	1	0	1	1	0	1	0	1	0	0	1	1	1
1026	0	1	0	1	0	1	1	0	1	1	1	1	1	1	1	1	0	1	0	1
1027	1	0	0	1	1	0	1	1	1	1	1	1	0	0	1	1	1	0	1	1
1028	1	0	0	0	0	0	0	0	0	1	1	1	1	1	0	0	1	0	1	1
1029	1	0	0	1	1	0	1	0	0	1	1	1	1	1	0	0	0	1	0	1
1030	0	0	1	1	1	1	1	1	1	1	0	1	1	1	0	1	1	0	1	1
1031	1	1	0	0	0	1	0	0	0	1	1	1	0	0	1	1	0	1	1	1
1032	1	0	0	1	0	0	0	0	0	1	0	0	1	0	0	0	1	0	1	0
1033	1	1	0	1	1	1	0	1	0	1	0	1	1	1	1	1	0	0	0	1
1034	0	1	0	0	1	0	0	0	1	0	0	1	0	0	1	0	0	0	1	1
1035	1	1	0	1	1	0	1	0	0	1	1	1	1	1	1	1	1	1	0	1
1036	1	0	0	1	0	0	0	0	0	0	1	1	1	0	1	1	0	0	0	1
1037	0	1	1	1	0	0	1	0	0	0	1	1	1	1	0	1	0	1	1	1
1038	1	0	0	1	0	0	0	1	0	1	1	1	1	1	1	1	0	0	0	1
1039	0	0	0	1	1	0	0	1	1	0	1	1	0	1	0	0	1	1	1	0
1040	1	1	0	1	1	0	1	1	1	1	1	1	0	1	0	1	0	1	0	1
1041	1	0	0	1	0	0	1	0	0	1	0	1	0	1	1	1	0	1	1	1
1042	1	0	0	0	0	0	1	1	0	0	1	0	0	0	1	0	0	0	1	1
1043	0	1	0	1	0	0	1	1	1	1	1	1	0	1	1	1	1	0	1	1
1044	1	1	0	0	1	0	1	0	1	0	0	1	0	0	0	1	0	0	0	1
1045	0	0	0	1	1	0	1	1	1	1	1	1	1	1	1	1	1	1	0	1
1046	1	1	0	1	0	0	1	0	0	0	0	0	1	0	0	1	0	0	1	1
1047	0	0	0	1	0	0	0	1	0	1	1	0	0	0	1	1	0	0	1	0
1048	0	0	0	1	0	0	0	0	0	0	1	0	0	1	1	0	1	1	1	0
1049	1	1	0	1	0	0	1	0	1	1	0	1	1	0	0	1	1	0	1	0
1050	1	1	0	1	0	0	1	0	1	0	0	1	1	1	1	1	0	1	1	1
1051	1	0	0	0	1	0	0	0	0	0	0	1	0	0	0	1	1	1	1	1
1052	1	0	0	1	1	0	0	0	1	1	0	1	1	0	1	1	0	1	1	1
1053	0	0	0	1	0	0	1	0	0	0	0	1	0	0	1	1	0	1	1	1
1054	1	1	0	1	1	1	1	1	0	1	0	0	1	1	1	0	0	0	1	0
1055	1	1	0	1	1	1	1	1	1	1	1	1	0	1	1	1	1	1	1	1
1056	0	0	0	1	1	0	0	1	1	0	0	0	0	1	0	0	0	0	0	0
1057	1	0	0	1	1	0	0	1	0	0	1	0	0	1	1	0	0	1	1	1
1058	1	0	0	1	0	1	0	1	0	1	1	1	0	1	1	0	1	1	0	1
1059	1	1	0	0	1	0	1	1	1	1	1	1	1	0	1	1	0	1	1	1
1060	1	0	0	1	1	1	0	1	1	1	1	1	0	0	1	0	0	1	1	0
1061	1	1	0	1	1	0	0	0	1	1	0	1	0	1	0	0	1	0	1	0
1062	1	0	0	1	0	1	0	0	1	0	0	1	1	1	0	0	0	0	1	0
1063	1	0	1	1	0	1	1	0	1	1	1	1	0	0	1	1	1	0	1	0
1064	1	0	1	1	0	1	1	1	1	1	1	1	1	1	1	1	1	1	1	1
1065	1	0	0	1	0	0	0	1	1	1	1	1	1	1	1	1	1	1	1	0
1066	1	0	0	1	0	0	0	1	0	0	0	0	0	1	1	1	1	0	1	1
1067	1	0	1	0	1	0	0	0	1	1	1	1	1	1	0	1	1	0	1	1
1068	1	1	0	1	1	1	1	0	1	1	1	1	1	1	1	1	1	1	1	1
1069	0	1	0	1	1	1	1	0	0	0	0	1	0	1	1	1	1	0	1	1
1070	1	0	0	1	1	1	1	1	1	1	1	1	0	0	1	0	1	1	1	0
1071	1	1	1	1	1	0	0	1	1	1	1	1	0	1	1	1	0	1	1	1
1072	1	1	1	1	1	0	0	1	0	0	1	1	1	0	1	1	1	1	1	1
1073	1	1	1	1	1	1	1	0	1	1	1	1	1	1	0	1	0	1	0	1
1074	1	1	0	0	1	0	1	1	0	0	1	1	0	0	1	0	0	0	1	0
1075	1	1	1	1	0	1	1	1	0	0	0	1	0	1	1	0	0	1	1	1
1076	1	1	1	1	0	1	0	0	1	1	1	1	0	1	0	1	0	1	1	1
1077	1	1	0	1	0	1	1	1	1	1	1	1	0	1	1	1	0	1	1	1
1078	1	0	1	1	1	1	0	0	1	1	1	1	1	0	0	0	0	0	1	1
1079	0	0	0	0	0	0	1	0	1	1	1	0	0	1	1	0	0	0	0	1
1080	1	0	0	1	1	1	1	0	1	1	1	1	0	1	0	1	0	0	1	1
1081	1	1	0	0	0	1	1	1	0	1	0	1	0	1	1	1	1	1	1	0
1082	1	0	0	1	0	0	1	0	1	1	1	1	0	1	0	1	1	1	1	1
1083	1	0	0	1	1	0	0	0	1	1	0	1	1	0	1	1	0	1	1	0
1084	1	0	1	1	1	1	1	0	1	1	0	1	1	1	1	1	0	1	0	1
1085	1	0	0	0	0	0	1	0	1	0	1	1	1	1	1	1	0	1	1	0
1086	0	1	0	1	0	0	1	0	0	0	0	1	1	0	0	1	0	1	1	1
1087	0	0	0	1	0	0	1	0	0	1	0	0	0	1	1	1	0	0	1	1
1088	1	0	1	0	1	0	1	0	1	1	1	1	0	0	0	1	1	1	1	0
1089	1	1	0	0	1	0	1	1	1	1	0	1	0	1	1	1	1	1	1	1
1090	0	0	0	1	1	0	0	1	0	0	0	0	0	1	1	1	0	1	0	0
1091	1	1	1	1	1	0	1	1	0	1	0	0	1	0	1	1	1	1	1	1
1092	0	0	1	1	0	1	0	0	1	1	0	1	1	1	1	0	1	0	1	1
1093	0	0	0	1	0	0	1	0	1	0	1	0	0	1	1	1	1	0	1	1
1094	1	1	1	0	1	1	0	0	1	1	1	1	0	1	1	0	0	1	1	1
1095	1	1	0	1	1	0	1	1	0	1	0	1	1	1	1	1	1	1	1	0
1096	0	0	0	1	0	0	1	1	1	1	1	1	0	0	0	1	1	1	1	0
1097	1	0	0	1	1	0	1	1	1	0	0	1	1	1	0	1	0	1	1	1
1098	1	0	1	0	0	0	0	1	0	1	1	1	0	0	0	1	0	0	1	1
1099	1	1	0	1	0	0	1	0	1	1	1	1	0	1	1	1	1	1	1	1
1100	1	1	0	1	1	1	1	1	0	1	0	1	0	1	1	0	1	0	1	1
1101	1	1	0	1	1	1	1	1	1	1	1	1	1	1	1	1	1	1	1	0
1102	1	0	0	0	0	0	1	1	0	1	1	1	1	0	0	1	1	1	0	0
1103	1	1	0	1	1	0	1	1	1	1	0	1	0	1	0	1	0	1	1	1
1104	1	0	0	0	0	0	1	0	0	0	1	0	0	0	0	0	1	0	1	0
1105	1	0	0	1	1	0	0	0	1	0	0	0	1	0	0	1	1	1	1	1
1106	1	1	0	0	0	1	1	0	0	1	1	1	0	1	1	0	1	1	1	1
1107	1	0	0	1	1	1	1	0	1	1	1	1	0	1	1	1	1	1	1	0
1108	1	1	0	0	1	1	0	1	1	1	0	0	1	1	1	1	1	0	1	1
1109	0	0	0	0	1	1	1	0	0	0	0	1	0	0	0	1	1	1	1	1
1110	1	1	0	1	0	0	0	0	1	0	1	1	1	1	1	0	1	1	0	1
1111	1	1	0	1	0	1	1	0	0	1	1	1	1	1	1	0	1	1	1	1
1112	1	0	0	1	1	0	1	1	1	0	0	1	0	1	1	1	0	1	1	1
1113	1	1	1	1	1	1	0	1	1	1	1	1	0	1	0	1	0	1	1	1
1114	1	0	0	1	0	0	1	1	0	1	1	1	1	1	0	1	0	1	1	1
1115	1	1	0	0	0	0	0	0	0	1	0	0	0	1	1	1	0	1	0	1
1116	1	1	1	1	0	1	0	1	1	1	1	1	0	1	0	0	1	1	0	1
1117	0	0	0	1	1	1	0	0	1	1	0	0	1	1	1	1	1	1	0	0
1118	0	1	0	0	0	0	1	1	1	1	0	0	0	1	0	1	1	1	1	0
1119	1	0	0	1	1	1	1	1	0	1	0	0	0	0	1	1	0	1	1	1
1120	1	0	0	1	1	0	1	0	0	0	0	0	0	1	0	1	0	0	0	0
1121	1	0	0	1	0	0	1	0	1	1	1	1	1	0	1	1	1	1	1	1
1122	1	0	0	0	1	1	1	1	0	0	1	0	1	1	1	1	1	0	0	1
1123	1	0	1	1	1	1	1	1	0	1	1	1	1	1	1	1	1	1	1	1
1124	1	0	0	0	0	0	1	0	0	0	0	1	0	1	0	1	0	1	0	0
1125	1	0	0	1	0	0	0	0	1	1	0	1	0	1	1	0	0	1	0	1
1126	1	0	0	1	1	0	1	1	0	1	1	1	0	1	0	0	1	1	1	1
1127	1	1	1	1	1	1	1	1	0	1	1	1	1	1	1	1	1	1	1	1
1128	1	1	0	0	0	0	1	0	1	0	0	0	0	1	1	1	0	0	1	1
1129	1	1	0	1	1	0	0	0	0	1	0	1	1	1	1	1	0	1	0	1
1130	1	0	0	1	1	0	1	0	1	1	0	1	1	1	0	0	1	1	1	1
1131	1	1	0	1	0	1	0	0	0	1	0	1	1	1	1	0	0	1	1	0
1132	1	0	0	1	1	1	1	0	1	1	1	0	0	1	1	1	1	1	1	0
1133	1	1	1	1	0	0	0	0	0	1	0	0	0	1	0	1	1	0	1	0
1134	1	1	0	0	0	1	0	0	0	1	0	1	1	1	1	1	1	1	1	0
1135	0	0	0	1	1	0	1	0	0	0	1	0	1	0	1	1	0	0	1	1
1136	1	0	0	0	0	0	1	1	1	0	0	0	1	1	1	0	1	0	1	0
1137	1	1	1	1	1	1	1	0	1	1	0	0	1	0	0	0	1	1	1	1
1138	0	0	0	1	1	0	0	1	0	1	1	0	0	1	1	0	1	0	1	0
1139	0	0	0	0	0	0	1	0	0	0	0	1	0	0	1	0	0	0	1	0
1140	1	0	0	1	1	0	1	0	1	1	0	1	0	1	1	1	0	1	1	1
1141	1	0	0	0	1	1	1	0	1	1	1	1	1	1	1	0	1	1	1	1
1142	1	0	0	1	1	0	1	1	0	1	1	1	1	0	0	1	1	0	0	1
1143	1	0	0	1	1	0	0	0	0	0	1	1	0	1	0	0	1	1	1	1
1144	1	1	0	1	0	1	0	1	1	1	0	1	1	1	1	1	0	1	0	0
1145	1	0	1	1	0	1	1	1	1	0	1	1	0	1	1	0	0	1	1	0
1146	1	0	0	1	0	0	0	0	0	1	1	1	0	1	0	1	0	0	1	0
1147	0	0	0	1	1	0	1	1	1	1	1	1	0	0	1	1	0	0	0	1
1148	1	0	0	0	0	1	0	0	0	0	0	1	0	1	0	1	0	0	1	0
1149	1	0	0	1	1	1	0	0	0	0	0	1	1	0	1	1	1	1	0	1
1150	1	1	1	0	1	1	1	1	1	1	1	0	0	1	0	1	0	1	0	0
1151	1	1	1	1	1	1	1	0	0	1	1	1	1	1	1	1	1	1	1	0
1152	1	0	0	1	1	0	1	0	1	0	1	1	1	0	0	1	1	1	1	0
1153	1	0	0	1	1	1	1	1	1	1	0	1	1	1	1	1	0	1	1	1
1154	0	0	0	1	0	0	0	1	0	1	1	1	0	1	0	1	0	1	1	1
1155	0	1	0	1	0	0	1	0	1	1	0	0	1	1	0	1	1	1	1	1
1156	1	1	1	1	0	0	1	1	0	0	1	0	0	1	1	0	0	1	1	1
1157	0	0	0	1	0	0	1	0	1	0	0	1	0	0	0	1	0	1	1	1
1158	0	1	0	0	1	0	0	0	1	1	1	1	0	0	0	1	1	1	0	1
1159	1	1	0	1	1	0	1	1	1	1	0	1	0	1	1	1	0	1	1	1
1160	0	0	0	0	1	1	0	1	0	0	0	0	0	1	0	0	0	1	1	0
1161	1	0	0	1	1	0	1	1	0	1	0	1	1	1	1	0	1	1	1	1
1162	1	0	0	1	0	0	1	0	0	0	0	1	0	0	0	1	0	0	1	1
1163	1	1	1	1	1	1	1	1	1	1	1	1	1	1	1	0	0	1	1	1
1164	1	1	0	0	0	0	1	0	0	1	1	1	0	1	1	0	0	1	0	0
1165	1	1	0	1	0	0	1	1	1	1	1	1	0	0	0	1	0	0	1	1
1166	1	1	0	1	1	1	1	1	1	0	1	1	1	1	0	1	0	1	1	0
1167	1	1	0	1	0	1	1	1	1	1	1	1	1	1	0	0	1	1	1	1
1168	1	1	0	1	1	0	1	0	0	1	0	1	0	0	0	1	0	1	1	1
1169	1	1	0	0	1	1	1	0	1	1	1	1	1	0	0	0	0	0	0	1
1170	1	0	0	1	0	0	1	0	0	1	1	1	1	1	1	0	0	0	0	0
1171	1	0	0	0	1	0	1	0	0	1	1	1	1	1	0	0	1	1	1	1
1172	0	0	1	0	1	1	1	1	1	1	1	0	0	1	1	0	1	1	1	1
1173	1	0	0	1	1	0	1	0	1	1	1	1	0	1	1	0	0	1	1	1
1174	1	1	0	0	0	1	1	1	0	0	1	1	0	0	1	1	1	0	1	1
1175	0	0	0	1	0	0	0	0	1	0	0	0	0	0	1	0	0	1	0	1
1176	1	0	0	1	1	0	0	0	1	0	0	0	1	1	1	0	1	0	1	1
1177	1	0	0	1	0	0	1	1	0	1	0	1	1	1	0	1	0	0	1	1
1178	1	0	0	1	1	1	0	1	0	0	0	1	0	0	0	1	1	0	1	0
1179	0	0	0	1	0	0	1	1	0	1	1	0	0	0	0	1	0	0	1	0
1180	0	1	0	1	1	0	0	0	1	1	1	1	0	1	1	0	0	0	1	1
1181	1	0	0	0	1	0	1	1	0	1	0	0	1	0	1	1	0	1	1	1
1182	1	1	0	1	0	0	1	0	0	1	1	0	0	0	1	0	1	1	1	1
1183	1	0	1	0	0	1	0	0	1	1	0	1	1	1	1	1	0	1	1	1
1184	1	0	0	1	1	0	0	1	1	1	0	1	1	1	0	0	0	1	1	1
1185	1	0	0	1	0	0	1	1	1	1	1	1	1	1	1	1	0	1	1	1
1186	0	0	0	1	1	0	0	0	0	0	0	0	1	1	1	1	0	1	1	1
1187	0	0	1	1	1	0	1	1	1	0	1	1	1	1	0	0	0	1	1	0
1188	0	1	0	1	0	0	1	0	0	1	1	0	0	0	1	1	0	1	1	1
1189	1	1	0	1	1	1	0	1	0	1	1	1	0	1	0	1	1	1	1	1
1190	0	0	0	0	1	0	1	1	0	0	0	0	0	1	1	1	0	1	0	1
1191	0	0	1	1	1	1	0	0	1	1	1	0	0	0	1	1	1	1	1	1
1192	1	0	0	0	0	1	1	1	0	0	0	1	0	1	1	1	0	1	1	1
1193	0	0	1	1	0	1	1	1	0	1	0	1	0	1	1	0	0	1	0	0
1194	0	1	0	1	1	1	1	1	1	1	1	1	1	1	1	1	0	1	1	0
1195	1	0	0	1	1	0	1	0	0	0	0	1	0	0	1	1	1	0	1	1
1196	1	0	0	1	1	0	1	1	1	1	1	1	0	0	1	1	1	1	1	0
1197	1	1	0	1	0	0	0	0	0	1	1	1	0	1	1	0	1	1	1	1
1198	1	0	0	1	1	1	0	0	1	1	0	0	0	1	0	1	1	0	1	1
1199	1	0	0	1	1	1	0	1	0	1	0	0	0	0	1	1	0	1	1	1
1200	1	0	1	1	1	0	1	1	1	1	0	0	1	1	1	1	0	1	1	1
1201	1	0	0	1	1	1	1	0	0	0	1	1	1	1	1	1	0	0	1	1
1202	0	1	0	1	1	0	0	1	1	1	1	1	1	0	1	1	1	1	0	0
1203	1	0	0	1	1	0	0	0	0	1	0	1	0	0	0	0	1	0	1	0
1204	0	1	0	1	1	0	1	0	0	1	1	1	1	1	0	1	1	0	1	1
1205	0	0	1	1	1	1	1	0	1	1	1	1	0	1	1	0	1	1	0	1
1206	1	0	1	0	1	0	1	0	0	1	0	1	0	1	1	0	1	1	1	0
1207	0	0	1	1	1	0	1	1	1	1	0	0	0	0	1	1	1	1	0	0
1208	0	1	1	0	1	0	0	1	1	0	1	1	1	1	1	1	0	1	0	1
1209	1	0	0	1	1	0	1	0	0	0	1	0	0	0	1	0	0	0	1	1
1210	0	0	0	1	1	1	1	1	1	0	1	1	1	1	0	0	1	0	1	1
1211	1	0	1	1	1	1	0	1	1	1	0	1	1	1	1	0	0	0	1	0
1212	1	0	0	1	1	1	0	1	1	1	0	0	0	0	0	0	0	0	1	1
1213	1	1	0	0	1	1	0	0	0	1	0	0	1	1	1	1	0	1	1	0
1214	0	1	0	1	1	0	1	0	1	1	0	1	0	0	1	1	0	1	1	0
1215	1	0	0	1	1	0	0	1	0	0	1	0	0	1	1	1	0	1	1	0
1216	1	1	1	1	1	1	1	0	1	1	1	1	1	1	1	1	0	1	1	1
1217	1	0	0	0	1	0	1	1	1	0	1	1	1	1	1	0	1	1	1	1
1218	1	0	0	1	1	0	1	1	1	1	1	0	1	0	1	1	1	1	1	1
1219	1	1	1	1	0	1	1	0	0	1	1	1	0	1	1	1	0	1	1	1
1220	1	0	0	1	0	0	1	0	0	1	1	0	1	1	1	1	0	1	1	1
1221	1	0	1	1	1	0	1	0	0	1	0	0	1	0	0	1	1	1	0	1
1222	1	1	0	0	1	1	1	1	0	1	0	1	0	1	0	0	0	1	1	1
1223	1	0	0	1	1	1	1	0	1	0	0	0	0	1	1	1	0	0	1	1
1224	1	0	0	1	0	0	1	0	1	0	0	0	0	0	1	1	0	1	1	0
1225	1	0	1	1	0	0	1	0	0	0	1	1	0	1	1	1	0	1	0	1
1226	1	0	0	1	1	0	1	1	0	1	1	1	0	0	1	1	1	1	0	1
1227	0	0	0	1	1	0	1	0	1	0	0	1	0	1	0	1	1	1	1	0
1228	1	0	0	0	1	0	0	0	1	1	1	1	0	0	1	1	1	1	0	0
1229	0	1	0	1	0	0	1	0	1	1	1	1	0	1	0	1	0	1	1	0
1230	0	1	0	1	1	1	1	0	1	1	1	0	1	1	1	0	0	0	0	1
1231	1	0	0	1	1	1	0	1	1	1	1	1	0	1	1	0	0	1	1	0
1232	1	1	0	1	1	0	0	0	1	0	1	0	0	1	1	1	1	1	1	1
1233	0	0	0	1	0	1	0	0	0	1	0	1	1	1	0	1	0	1	0	0
1234	1	0	0	1	0	0	0	1	0	1	1	0	0	1	1	0	1	1	1	0
1235	0	0	0	0	0	1	0	0	0	0	1	1	1	1	0	0	1	1	0	1
1236	1	0	0	1	0	0	0	0	1	1	1	0	1	1	0	1	0	0	1	1
1237	1	1	0	1	1	0	0	0	0	1	1	1	1	0	1	1	1	1	1	1
1238	1	1	1	1	0	1	1	0	1	1	0	0	0	1	1	1	1	1	1	1
1239	1	1	0	1	1	0	0	1	1	1	1	0	0	1	0	0	1	1	1	1
1240	1	0	1	0	1	1	1	0	1	1	0	0	0	0	0	1	1	0	0	1
1241	0	0	0	1	0	1	0	1	1	1	1	0	1	1	1	0	0	1	1	1
1242	1	0	1	0	1	0	1	0	0	0	0	1	0	1	0	0	0	1	0	1
1243	0	1	0	1	1	0	1	1	0	1	1	1	1	0	0	0	1	1	1	1
1244	1	1	0	1	1	1	1	1	1	1	1	1	0	1	1	0	1	1	1	1
1245	1	0	1	1	0	0	0	0	1	0	0	1	0	1	1	1	0	1	1	1
1246	1	1	0	1	1	1	0	0	1	1	0	1	1	1	1	0	0	1	1	1
1247	1	1	0	1	0	0	1	1	1	1	0	1	1	0	1	0	0	0	1	1
1248	1	1	0	1	1	0	0	1	1	1	1	1	1	1	1	1	1	1	1	1
1249	1	0	1	0	1	0	1	1	0	1	1	1	0	1	0	1	0	1	1	1
1250	0	0	0	0	0	1	0	0	1	1	0	1	0	1	1	0	0	1	1	0
1251	0	0	1	1	1	0	0	0	1	1	0	0	0	1	0	1	1	1	0	1
1252	1	0	0	1	0	1	1	0	0	1	0	1	0	1	1	1	0	1	0	0
1253	1	0	0	1	1	0	1	1	1	1	1	0	0	1	0	0	0	1	1	1
1254	0	0	0	0	1	0	0	1	0	1	0	0	0	0	0	1	0	1	1	0
1255	1	0	1	1	1	0	1	1	1	1	0	1	0	0	1	1	0	0	0	1
1256	1	0	1	1	1	0	1	1	0	1	0	0	0	0	1	1	1	1	1	1
1257	1	0	1	1	1	1	1	1	0	1	1	1	0	0	0	1	1	1	1	1
1258	1	0	0	0	0	0	0	0	1	1	1	1	1	0	1	0	1	0	0	0
1259	1	1	1	1	1	1	1	0	1	1	1	0	0	1	1	0	0	1	0	1
1260	1	0	1	1	1	0	0	1	1	0	1	1	1	1	0	1	0	1	1	1
1261	1	1	1	1	1	1	1	1	1	0	1	1	1	0	1	1	1	1	0	1
1262	1	1	0	1	1	1	1	0	0	1	1	1	1	1	1	1	1	1	1	1
1263	0	0	0	1	0	0	1	0	0	0	0	1	0	0	1	1	0	1	1	0
1264	0	0	0	1	1	0	1	0	0	1	0	1	0	1	0	1	0	1	1	1
1265	1	1	0	1	1	1	0	1	1	1	0	1	0	1	1	1	1	0	1	0
1266	1	1	0	0	0	0	0	0	0	0	0	0	0	1	0	0	0	0	1	1
1267	1	1	0	0	1	0	1	0	1	0	1	1	0	0	0	1	1	1	1	1
1268	1	0	0	1	1	0	1	0	0	0	0	1	1	1	1	1	0	1	1	1
1269	1	1	1	1	0	0	1	1	1	1	0	1	1	0	0	0	0	1	1	1
1270	1	0	0	1	0	1	1	0	1	1	1	1	0	0	1	1	1	1	1	1
1271	1	0	0	1	1	0	0	0	1	1	1	1	1	0	0	0	1	1	1	0
1272	1	0	0	0	0	0	0	0	0	0	0	1	0	0	1	1	1	0	1	0
1273	1	0	0	1	1	0	1	1	1	1	0	1	1	1	1	1	1	0	0	0
1274	1	1	1	1	1	1	1	0	1	1	1	1	0	1	0	1	1	1	1	1
1275	1	1	1	1	0	1	1	1	1	1	1	0	1	1	1	1	0	0	0	0
1276	1	1	0	1	0	1	0	0	1	1	0	1	0	1	1	1	1	1	1	1
1277	1	0	0	0	0	0	1	0	0	1	0	0	0	1	1	0	0	0	1	1
1278	1	0	0	1	1	0	1	0	0	0	1	1	1	0	1	0	0	1	1	1
1279	1	1	0	1	1	0	1	1	1	0	0	0	1	0	0	0	1	1	1	1
1280	1	0	0	1	1	0	1	0	0	0	0	0	0	0	0	1	1	1	0	1
1281	1	0	0	1	1	1	1	1	1	1	0	0	0	0	0	0	0	0	1	1
1282	1	0	0	1	1	0	1	1	0	1	1	0	0	0	1	1	0	1	0	1
1283	1	0	1	1	0	0	1	1	0	1	1	0	0	0	1	1	0	1	1	1
1284	1	0	1	1	0	0	1	0	1	1	1	1	0	1	1	0	1	1	1	0
1285	0	0	0	0	1	1	0	0	0	1	0	1	1	0	1	1	1	1	1	0
1286	1	0	0	1	0	0	1	0	1	1	0	1	1	1	1	0	1	1	1	1
1287	0	1	0	1	0	0	0	0	1	1	0	1	0	0	1	1	1	1	1	0
1288	1	0	0	1	1	0	0	1	1	1	0	1	0	0	0	0	1	0	1	1
1289	0	1	0	1	1	0	1	1	1	0	0	0	1	0	1	0	1	1	1	1
1290	0	1	0	1	1	0	1	1	1	1	1	1	0	1	0	1	0	0	1	1
1291	1	0	1	1	1	1	1	1	1	1	1	1	0	1	0	1	1	0	0	1
1292	1	1	1	1	1	0	1	1	1	1	1	1	1	1	0	0	1	1	1	1
1293	1	1	0	1	1	0	1	1	1	0	0	1	1	1	1	1	0	1	1	1
1294	1	1	0	1	1	1	1	1	0	1	1	0	1	1	1	1	0	0	1	1
1295	1	0	0	1	1	1	1	1	1	1	0	1	0	0	0	1	0	0	1	1
1296	1	0	1	1	1	0	0	0	1	0	0	0	0	0	1	0	0	1	1	1
1297	1	1	1	1	1	1	0	0	1	1	1	1	0	1	1	1	1	1	1	1
1298	1	0	1	1	0	1	1	0	1	0	1	1	0	1	1	1	0	0	1	1
1299	1	1	0	1	1	0	1	1	0	1	1	0	0	0	1	1	0	1	1	1
1300	1	0	0	1	1	1	0	1	1	0	1	0	0	0	1	1	0	1	1	1
1301	1	0	0	1	1	1	1	0	1	1	1	1	1	1	1	1	0	1	1	0
1302	1	1	0	1	1	1	1	0	0	1	1	1	1	1	1	0	0	1	1	1
1303	1	0	0	1	1	1	0	1	1	1	1	1	1	0	0	1	0	1	1	1
1304	1	0	0	1	1	0	0	0	0	0	0	1	1	1	0	0	1	0	1	0
1305	1	0	0	1	0	0	1	0	0	1	0	1	0	0	1	1	0	1	0	1
1306	1	0	0	1	0	1	1	0	0	1	1	1	1	1	1	1	1	0	1	1
1307	0	1	1	0	1	0	1	0	0	0	0	1	0	1	1	1	0	1	1	1
1308	1	0	0	1	0	1	0	1	1	1	0	1	0	0	1	0	1	1	0	1
1309	1	1	0	1	1	1	1	0	0	1	1	1	1	1	0	0	0	0	1	1
1310	0	1	0	1	1	0	1	0	0	1	1	1	0	1	0	1	1	1	1	1
1311	1	0	0	0	1	0	0	0	1	1	1	0	0	0	0	1	0	0	1	0
1312	1	0	0	1	0	0	1	0	0	0	1	0	0	1	0	1	1	0	1	1
1313	1	0	0	1	1	0	1	0	1	1	1	1	0	0	1	0	0	1	1	1
1314	1	0	0	1	0	0	1	1	1	1	0	1	0	1	1	1	0	1	1	0
1315	1	1	1	1	1	0	1	0	0	1	1	1	1	0	1	1	0	1	0	1
1316	1	0	1	1	1	0	1	1	1	0	0	1	0	0	0	1	1	0	0	1
1317	1	0	0	1	0	0	1	1	0	1	1	1	1	1	0	1	0	0	1	0
1318	1	0	0	1	1	1	1	1	1	0	1	1	0	1	1	1	0	1	1	1
1319	0	0	0	1	0	0	1	0	0	1	1	1	1	0	1	1	0	0	1	1
1320	1	0	0	1	0	1	0	1	0	0	0	1	1	1	0	1	1	1	1	1
1321	1	1	0	1	1	1	0	1	0	1	0	1	0	1	0	0	0	1	0	1
1322	1	1	0	1	1	1	1	1	0	1	0	1	0	1	1	1	1	1	1	0
1323	0	1	1	1	1	1	1	0	0	1	0	1	1	0	0	1	0	0	1	1
1324	0	0	1	1	1	0	0	1	0	1	1	1	1	1	1	1	0	1	1	0
1325	1	0	0	1	1	0	0	0	1	1	1	0	0	0	1	1	1	1	0	1
1326	1	0	0	0	0	1	0	0	1	1	1	1	1	1	0	0	0	1	0	1
1327	1	1	0	1	1	1	0	0	1	1	1	1	0	1	1	0	1	0	0	1
1328	1	0	1	0	0	0	0	0	0	1	1	0	1	0	1	1	0	0	1	0
1329	1	0	0	0	1	0	1	0	0	0	1	1	0	1	0	1	0	0	1	1
1330	0	0	0	0	1	0	0	0	1	1	1	1	1	0	1	1	1	1	1	0
1331	0	1	0	1	0	0	1	1	1	1	0	1	0	0	1	1	0	0	1	0
1332	1	1	0	1	1	0	0	0	1	0	1	1	1	1	1	0	0	1	1	0
1333	1	1	0	1	1	1	1	0	1	1	1	0	1	1	0	1	1	0	1	0
1334	1	1	0	1	0	1	0	1	1	1	0	0	0	1	1	1	0	1	1	1
1335	1	0	0	0	0	1	0	1	1	1	1	0	0	0	0	1	0	1	1	1
1336	0	0	1	1	1	1	0	1	1	1	0	0	1	0	0	1	0	0	0	0
1337	1	0	0	1	1	0	0	0	1	0	1	1	0	0	0	1	0	0	1	0
1338	1	0	0	0	1	0	0	1	1	0	1	1	0	0	0	1	1	0	1	0
1339	1	1	1	1	1	1	1	0	0	1	1	1	0	0	0	0	0	0	1	1
1340	1	1	0	1	1	0	1	0	1	1	1	1	1	1	1	1	1	0	1	1
1341	1	1	1	1	1	1	1	0	0	1	1	1	0	1	1	0	1	1	1	1
1342	0	0	0	1	0	1	1	1	1	1	1	1	1	1	1	0	1	0	1	0
1343	0	0	1	1	0	0	1	1	1	1	0	1	1	1	0	1	1	1	1	1
1344	0	0	0	0	0	1	0	1	0	1	1	0	0	0	1	0	0	1	0	1
1345	0	0	0	1	0	0	1	0	0	0	0	1	0	1	1	0	0	1	0	1
1346	1	1	0	1	1	0	1	1	0	1	1	1	0	1	1	1	0	1	1	1
1347	0	1	0	1	1	1	1	0	1	1	1	1	0	1	1	1	1	1	1	1
1348	1	1	0	1	0	1	1	1	1	0	0	1	1	1	0	0	1	0	1	1
1349	1	1	0	1	0	0	0	1	1	1	0	1	0	1	1	1	1	1	1	1
1350	1	0	0	1	1	0	1	0	1	0	1	1	0	1	1	0	0	1	1	1
1351	0	0	0	1	1	0	0	0	0	1	1	0	0	1	0	0	1	1	0	1
1352	1	0	0	1	1	1	1	0	1	0	1	1	1	1	1	0	0	0	0	1
1353	0	0	0	1	0	0	0	1	1	0	1	0	0	1	1	1	0	0	1	1
1354	1	1	0	1	1	0	1	1	0	0	1	1	0	1	1	0	0	0	1	0
1355	0	0	0	0	1	1	0	1	0	1	1	0	0	1	0	1	1	1	1	1
1356	1	1	1	1	0	0	1	1	1	1	1	0	1	0	1	0	1	0	1	1
1357	0	1	0	0	1	0	0	0	1	1	0	0	0	1	0	0	1	0	1	1
1358	1	1	0	1	1	0	1	0	1	0	0	1	1	1	0	0	1	1	1	1
1359	1	0	0	0	0	0	0	0	1	1	0	0	0	1	0	1	0	1	1	0
1360	1	1	0	1	0	1	0	1	0	1	0	1	1	0	1	0	1	1	1	1
1361	1	0	0	1	0	0	0	1	1	0	0	1	1	1	1	1	0	1	1	1
1362	1	0	0	1	0	0	0	0	1	1	0	1	0	1	0	0	0	1	1	1
1363	0	1	0	1	0	1	0	0	1	0	0	0	0	0	1	0	0	0	1	1
1364	1	0	1	1	0	0	1	1	1	0	1	1	0	1	0	1	0	1	1	0
1365	1	0	1	1	0	1	1	0	0	0	1	0	0	1	0	1	1	1	1	1
1366	1	1	1	1	1	0	1	1	1	1	0	0	0	1	1	1	1	1	0	1
1367	1	1	0	1	1	0	1	0	1	1	0	1	0	1	1	1	0	1	1	1
1368	1	0	0	1	1	0	0	0	0	1	1	1	0	1	1	1	1	0	1	1
1369	0	1	0	1	1	0	0	0	0	1	1	0	1	1	0	1	1	0	1	0
1370	1	0	0	1	0	0	1	1	0	1	0	0	0	1	1	1	0	1	0	1
1371	0	1	1	1	1	0	1	1	1	0	1	1	0	1	0	1	0	1	1	1
1372	0	0	1	0	1	1	0	1	1	1	1	1	1	0	0	0	0	1	1	1
1373	0	1	0	0	1	1	1	0	1	0	1	1	1	0	1	1	1	1	0	1
1374	0	0	0	1	1	1	1	0	0	1	1	1	1	1	1	0	0	0	1	1
1375	0	0	1	1	0	1	1	1	0	1	0	1	0	1	1	1	1	1	0	1
1376	1	0	0	1	0	0	0	1	0	1	0	0	0	1	0	1	0	0	1	1
1377	1	1	1	1	1	0	0	1	1	1	1	0	0	1	1	1	1	1	1	1
1378	1	1	0	1	1	0	0	0	1	1	1	1	0	1	0	1	0	0	0	1
1379	0	1	0	1	1	1	1	1	1	1	0	1	1	1	0	1	1	1	1	1
1380	1	0	0	1	1	0	1	0	0	1	0	1	0	1	0	0	1	1	1	1
1381	0	1	0	1	0	0	1	0	0	0	1	1	0	1	1	1	0	0	1	0
1382	1	1	0	1	1	1	1	1	1	1	1	1	0	1	1	1	0	1	1	0
1383	1	1	1	1	1	0	1	1	1	1	1	1	1	1	0	1	1	1	1	1
1384	1	0	0	1	0	0	0	1	0	1	1	1	1	1	1	1	1	1	1	1
1385	1	0	0	0	0	0	0	0	1	1	0	1	0	0	1	1	0	1	1	0
1386	1	1	0	1	1	0	1	1	0	1	1	1	0	1	1	1	0	1	1	1
1387	1	0	1	0	1	1	0	0	1	1	0	1	0	1	0	1	1	1	1	0
1388	1	1	0	0	0	0	1	1	0	1	0	1	0	1	1	1	0	1	0	1
1389	1	1	0	1	1	0	1	1	1	1	0	1	1	1	1	1	1	0	1	1
1390	0	0	0	1	1	0	1	0	1	1	1	1	0	0	1	1	1	1	0	1
1391	1	0	1	1	1	0	0	1	0	1	1	1	1	1	1	0	1	1	1	1
1392	1	0	0	0	1	0	0	1	1	0	1	1	1	1	1	1	0	0	1	0
1393	1	1	0	1	0	0	1	0	1	0	1	1	0	1	1	1	0	0	1	0
1394	1	0	0	1	1	0	1	0	1	1	1	1	1	1	1	1	0	0	0	1
1395	1	1	0	1	0	0	1	0	1	1	1	1	0	1	1	1	0	1	1	0
1396	1	1	1	0	1	0	1	0	1	0	0	1	0	1	1	1	0	1	1	0
1397	1	0	1	1	1	0	1	0	1	1	0	1	0	0	1	1	0	1	1	1
1398	1	0	1	0	1	0	1	0	1	1	0	1	0	0	0	1	1	1	1	1
1399	0	0	0	1	1	0	1	0	1	1	0	1	0	0	1	1	0	1	1	1
1400	0	0	0	0	0	1	1	0	0	1	0	1	0	1	1	0	0	1	1	1
1401	1	1	1	0	0	1	1	1	0	0	1	0	1	1	0	0	1	1	1	1
1402	1	0	1	1	0	0	1	0	0	1	1	1	0	0	0	0	1	1	0	0
1403	1	0	0	1	1	1	1	1	1	1	0	1	1	0	0	1	1	1	1	0
1404	0	0	1	1	1	1	1	0	0	1	1	1	0	0	1	1	0	1	1	1
1405	1	0	0	1	0	1	1	0	0	1	0	1	1	1	1	0	0	0	0	0
1406	1	1	1	1	1	0	0	1	0	1	0	1	1	1	0	1	0	1	1	1
1407	1	1	0	0	0	1	0	0	1	0	0	1	0	1	0	1	0	1	1	1
1408	1	1	0	1	0	0	0	1	0	1	1	1	1	1	1	1	0	1	1	1
1409	1	0	0	1	0	1	1	0	1	1	1	1	0	1	1	1	1	0	0	1
1410	0	0	0	1	1	1	1	1	1	1	0	1	0	1	0	1	1	1	1	1
1411	1	0	0	1	1	1	1	1	0	1	0	1	0	1	0	0	1	0	1	1
1412	1	0	0	1	0	1	0	0	1	0	0	0	0	1	0	0	0	1	1	0
1413	1	1	0	1	1	1	0	0	0	1	0	1	0	1	1	1	0	1	1	1
1414	0	1	0	1	1	0	1	1	0	0	0	1	0	1	1	1	0	1	0	1
1415	1	0	0	1	1	1	1	1	1	1	0	1	1	1	1	0	1	1	1	0
1416	1	1	0	1	1	0	0	0	1	1	0	0	1	1	1	0	1	1	0	1
1417	1	1	1	1	0	1	0	1	0	0	1	1	0	0	0	0	1	1	1	0
1418	1	0	0	1	0	0	0	0	1	0	1	0	0	0	1	1	0	0	1	0
1419	1	0	0	1	1	1	0	1	1	1	1	0	1	1	0	1	0	1	1	1
1420	1	1	0	1	1	0	1	0	0	1	0	1	0	1	0	1	1	1	1	1
1421	1	0	0	0	1	0	1	0	1	1	0	1	0	1	0	1	1	1	1	1
1422	1	0	1	0	1	0	1	0	0	1	0	1	1	1	1	1	1	1	0	0
1423	0	1	1	1	0	1	0	1	1	1	1	1	0	0	0	1	1	1	0	1
1424	1	0	1	1	1	1	0	0	1	1	1	1	0	1	0	1	0	1	1	1
1425	1	1	0	0	1	0	1	1	1	0	0	1	1	1	1	1	0	1	0	1
1426	1	1	1	1	1	0	1	0	0	1	1	1	0	1	1	1	1	1	1	1
1427	1	0	0	1	1	0	1	1	1	1	0	0	1	1	0	1	1	1	1	1
1428	1	0	0	1	1	0	0	0	0	1	0	1	0	1	0	1	0	1	0	0
1429	1	0	0	1	1	0	1	0	0	1	0	0	1	1	1	0	0	0	1	0
1430	1	1	0	1	1	1	1	0	1	0	0	1	1	1	0	1	0	1	1	1
1431	1	0	0	1	0	0	1	0	0	1	0	0	1	0	1	1	0	0	1	0
1432	1	0	0	1	0	0	0	0	0	1	0	0	0	0	0	0	0	0	1	1
1433	0	0	0	1	1	0	1	1	1	0	1	1	1	0	1	0	0	1	1	0
1434	0	1	0	1	1	1	0	0	1	0	1	1	0	1	0	0	0	0	1	1
1435	0	1	0	0	0	0	1	1	1	1	1	1	1	1	1	1	1	1	1	0
1436	1	0	1	1	1	1	1	1	1	1	1	1	1	1	1	1	1	1	1	1
1437	1	1	1	1	1	1	1	1	1	1	1	1	0	1	0	1	1	1	1	1
1438	1	0	0	0	0	0	1	1	0	1	1	1	0	1	0	1	1	1	0	1
1439	1	0	0	1	1	0	1	0	1	1	1	1	0	1	0	1	1	1	1	1
1440	1	1	1	0	1	0	1	0	1	0	0	1	1	1	0	1	1	1	1	1
1441	1	0	0	1	1	0	1	0	1	1	1	1	1	1	0	1	0	1	1	1
1442	1	1	0	1	0	0	1	0	1	1	1	1	0	0	0	1	0	1	1	1
1443	0	0	0	1	1	1	0	1	0	0	0	0	0	0	0	1	1	0	1	0
1444	1	1	0	1	1	1	1	1	0	1	0	0	0	1	1	0	0	1	1	1
1445	1	0	0	1	1	0	1	0	1	1	1	1	1	1	1	1	1	1	1	0
1446	1	1	1	1	1	0	1	1	1	1	0	0	0	1	1	0	0	1	1	1
1447	1	1	1	0	1	1	0	1	1	1	1	1	1	1	0	1	1	1	1	0
1448	0	0	0	0	0	1	0	0	1	1	1	1	0	0	0	0	0	0	1	1
1449	1	0	1	1	1	1	1	1	0	1	0	1	0	1	1	1	0	0	0	1
1450	1	0	0	1	1	0	0	1	0	1	0	0	1	1	1	1	1	1	0	1
1451	1	1	0	1	0	0	1	0	0	0	0	1	1	0	1	0	1	1	1	1
1452	0	0	0	1	0	0	1	1	0	1	0	1	1	1	0	1	1	1	1	0
1453	0	1	0	1	1	0	0	1	0	1	0	1	0	1	0	0	1	1	1	1
1454	1	0	0	1	0	1	1	1	1	1	0	0	1	1	0	1	0	0	0	0
1455	1	1	0	1	1	1	0	0	1	1	1	0	0	1	0	1	0	1	1	1
1456	1	0	0	1	1	0	0	1	0	1	1	0	1	1	1	1	1	1	1	0
1457	0	0	0	0	1	1	1	0	1	0	0	1	1	1	1	1	0	0	1	1
1458	1	0	0	1	1	1	1	1	0	1	0	0	0	0	0	1	0	1	0	0
1459	0	1	0	1	1	0	0	1	1	1	0	1	0	1	1	1	0	1	1	0
1460	1	0	0	1	0	0	0	0	0	1	1	1	1	0	1	1	0	1	1	1
1461	1	0	1	1	1	0	1	1	1	1	0	1	0	0	0	1	1	1	1	1
1462	1	0	1	1	0	0	0	0	0	0	0	1	0	0	1	1	1	1	1	0
1463	1	1	0	1	0	0	1	0	0	1	0	1	1	1	1	1	0	1	1	1
1464	1	0	0	1	0	0	0	0	1	1	1	1	0	0	1	0	1	0	1	1
1465	1	0	0	1	1	0	1	1	1	0	1	1	1	1	1	1	0	0	1	1
1466	1	1	0	1	0	1	1	1	0	1	1	1	1	0	1	1	1	0	0	1
1467	1	0	0	1	0	0	1	1	0	1	0	1	0	0	0	0	0	0	0	0
1468	1	0	0	1	1	0	1	1	0	1	0	1	1	0	1	1	0	1	1	1
1469	1	0	0	1	0	0	1	0	0	1	0	0	0	1	0	0	0	1	0	1
1470	0	1	0	1	1	1	1	1	0	0	0	1	0	1	0	1	0	1	1	1
1471	0	1	1	1	1	1	0	0	1	0	1	1	1	0	0	1	0	0	0	0
1472	1	1	1	1	1	1	1	1	1	1	1	1	0	1	0	1	1	0	1	1
1473	1	0	0	0	1	0	1	0	1	1	0	1	1	0	0	0	1	0	1	1
1474	1	1	1	1	1	0	1	0	0	1	1	1	0	0	1	1	1	1	1	1
1475	0	0	1	1	0	0	0	1	1	1	1	1	1	1	1	1	0	1	0	1
1476	1	0	0	0	0	0	1	1	1	1	1	0	0	1	0	0	1	0	1	0
1477	1	1	1	1	1	1	1	1	1	1	1	1	0	1	1	1	0	1	0	1
1478	1	0	0	1	1	0	0	0	0	1	1	1	0	1	1	1	0	1	0	1
1479	1	0	0	0	1	0	1	0	1	1	0	0	1	0	1	0	0	1	1	0
1480	1	1	0	1	1	0	1	0	1	1	0	1	1	1	1	1	0	1	1	0
1481	0	0	1	1	1	1	1	1	1	1	0	1	1	1	1	1	1	1	1	0
1482	0	0	0	1	1	1	1	0	1	1	1	0	0	0	0	0	1	1	1	0
1483	1	0	0	1	1	1	1	0	1	1	1	1	1	0	1	1	0	1	0	1
1484	1	0	1	0	0	0	0	1	0	1	1	1	1	1	0	1	0	1	1	1
1485	1	0	0	0	1	1	1	0	0	0	0	0	0	1	0	1	0	1	1	1
1486	0	1	0	1	1	0	0	0	0	1	1	1	1	1	0	0	0	1	1	1
1487	1	0	0	1	1	1	1	1	0	1	0	0	0	1	1	1	0	0	1	1
1488	1	0	1	1	1	1	1	0	1	1	1	1	1	1	1	0	0	0	1	1
1489	1	0	0	1	1	0	1	0	0	0	0	0	0	1	1	1	1	0	1	1
1490	1	1	0	1	1	1	1	1	1	1	0	1	0	0	1	1	1	0	1	1
1491	0	1	0	1	0	1	0	0	1	1	1	1	1	0	0	0	0	0	1	1
1492	1	1	0	1	0	0	1	1	1	1	0	0	1	1	1	1	0	1	1	0
1493	1	1	1	1	0	0	1	1	0	0	1	1	1	0	1	1	0	1	1	1
1494	1	1	0	1	1	1	0	1	1	1	0	1	1	1	0	1	1	1	1	1
1495	1	0	0	1	0	0	1	0	0	0	0	1	1	1	0	1	0	1	0	1
1496	1	0	0	1	1	0	1	0	1	1	1	1	0	1	1	0	1	1	1	1
1497	1	1	0	1	1	1	1	1	1	0	0	1	1	1	1	1	0	1	1	0
1498	1	0	0	0	0	0	1	1	1	1	1	1	1	0	1	1	1	0	1	0
1499	0	1	0	1	1	1	0	1	0	1	0	1	1	1	1	1	0	1	1	1
1500	1	0	0	1	0	0	1	0	0	0	0	1	1	0	0	1	1	0	1	1
1501	0	0	0	1	0	0	1	1	1	1	1	1	0	0	1	0	0	1	0	1
1502	0	1	0	1	0	0	1	0	1	1	1	1	0	0	0	1	0	0	0	0
1503	1	0	1	0	0	0	1	1	0	1	0	1	0	0	1	1	0	1	1	0
1504	1	1	0	1	1	0	0	0	0	1	1	1	1	0	1	1	0	1	1	1
1505	1	0	0	1	1	0	0	0	0	1	0	0	0	1	1	0	0	1	1	1
1506	1	1	1	1	0	0	1	0	1	1	1	0	1	1	1	0	0	0	1	1
1507	1	0	0	1	1	1	1	1	1	1	1	0	0	1	1	1	1	1	1	1
1508	0	0	0	1	1	0	0	0	0	0	1	1	0	1	1	0	0	1	1	0
1509	0	0	1	1	1	0	1	1	1	0	0	0	0	1	1	1	0	1	1	1
1510	0	1	0	1	1	0	1	1	1	1	0	1	1	1	1	1	1	0	1	1
1511	1	0	0	1	0	0	1	0	0	1	1	0	1	1	1	0	1	1	0	1
1512	0	1	0	1	1	0	0	0	1	1	1	0	0	0	0	1	0	1	0	0
1513	1	1	0	0	1	0	1	1	1	0	0	1	0	1	1	0	1	0	0	1
1514	1	1	0	1	1	1	1	1	1	1	0	1	1	1	1	1	0	1	1	1
1515	1	0	0	1	1	1	0	0	1	1	1	1	0	1	1	1	1	1	1	1
1516	0	1	0	0	1	0	0	1	0	0	1	0	0	0	0	0	0	0	1	1
1517	1	1	1	1	1	0	1	1	1	1	1	1	0	1	1	1	1	1	1	1
1518	1	0	0	0	0	1	0	1	1	0	1	1	1	1	0	1	0	1	0	0
1519	1	0	0	0	1	0	0	0	0	1	0	1	0	1	1	1	1	1	0	1
1520	1	1	0	1	0	0	1	0	0	1	0	1	1	1	0	0	0	1	1	1
1521	1	1	1	1	1	0	1	1	0	1	1	0	1	1	1	0	0	1	1	1
1522	1	1	1	1	1	1	1	0	0	1	0	0	1	1	1	0	0	1	0	1
1523	1	1	1	1	1	1	1	0	1	1	1	0	1	0	1	0	0	1	1	1
1524	1	0	1	1	0	1	1	1	1	0	1	1	1	1	0	0	0	1	1	0
1525	1	0	0	1	1	0	1	1	1	1	1	1	1	1	1	1	1	1	1	0
1526	1	1	0	1	1	1	1	1	1	1	0	1	1	1	1	1	1	1	0	0
1527	1	0	0	1	1	1	0	0	0	0	1	1	0	1	0	1	0	0	0	0
1528	1	1	1	1	0	1	1	0	0	0	1	1	0	1	0	1	0	0	1	0
1529	1	1	0	1	1	0	0	0	1	1	0	0	0	1	1	0	1	1	0	0
1530	1	1	0	1	1	0	1	1	1	1	1	1	0	0	1	1	0	0	0	1
1531	1	0	0	0	1	0	0	0	0	1	0	0	1	0	0	0	0	1	0	1
1532	1	0	0	1	1	1	1	1	0	1	1	1	0	1	0	1	1	1	1	1
1533	0	1	0	1	1	1	1	1	1	1	1	1	1	1	1	1	1	1	1	1
1534	1	0	0	0	1	0	1	0	1	1	0	1	1	1	0	1	0	0	0	1
1535	1	0	0	1	1	0	1	0	0	1	1	0	0	0	0	1	1	0	0	1
1536	1	1	0	1	1	0	1	1	1	1	0	1	0	1	0	0	0	0	0	1
1537	1	1	1	1	1	1	1	0	1	1	1	1	1	1	1	0	1	1	0	1
1538	0	0	0	1	0	0	0	0	0	1	0	1	0	0	0	1	0	0	1	1
1539	0	1	0	1	0	1	1	0	0	1	0	1	0	1	1	0	1	1	1	1
1540	0	1	1	1	1	1	1	1	0	1	0	1	0	1	1	1	1	1	1	1
1541	0	0	1	1	1	1	1	1	0	1	1	1	0	0	0	1	1	0	0	1
1542	1	1	0	1	1	1	1	0	0	0	1	1	1	1	0	1	1	1	1	0
1543	0	0	0	0	0	0	1	1	0	0	0	1	0	1	0	1	0	1	1	0
1544	0	0	0	1	0	0	1	0	0	1	1	1	1	1	1	1	0	0	0	1
1545	1	1	1	0	1	1	0	1	1	1	0	1	1	1	1	1	0	1	1	1
1546	1	1	1	0	1	1	1	1	1	1	1	1	1	1	1	1	0	0	1	0
1547	0	0	0	1	1	0	1	1	1	1	1	1	0	1	0	0	0	1	1	1
1548	0	1	0	1	0	0	1	1	0	0	1	1	0	1	1	0	1	0	1	0
1549	0	1	0	1	0	0	0	0	0	0	1	0	0	1	0	1	0	0	1	0
1550	1	1	1	1	1	1	1	1	0	1	1	1	0	1	0	0	0	1	1	1
1551	0	0	0	1	1	0	0	0	1	1	0	1	1	1	1	0	1	0	0	1
1552	1	0	0	1	0	1	1	0	0	1	1	1	1	0	1	1	1	0	1	0
1553	1	0	1	1	1	1	1	1	0	0	0	1	1	1	0	1	1	1	1	1
1554	1	0	1	1	0	0	0	0	1	1	0	1	0	0	1	1	1	1	1	1
1555	1	1	1	1	0	0	1	1	0	1	0	1	1	1	0	1	1	1	1	1
1556	0	0	0	0	1	0	1	0	0	1	0	0	1	0	0	0	1	1	0	0
1557	1	1	1	1	1	1	0	1	0	1	0	1	0	1	1	1	1	1	1	1
1558	1	0	1	0	1	0	0	0	0	0	1	1	1	0	0	0	0	0	0	0
1559	1	0	0	1	1	1	0	1	1	1	1	0	0	0	0	1	1	1	0	1
1560	1	1	1	0	1	1	1	1	1	1	1	1	0	1	1	1	1	1	1	1
1561	1	1	0	1	1	0	1	0	1	1	0	0	0	1	1	0	1	1	1	1
1562	1	0	0	1	1	1	1	1	0	0	0	1	1	0	1	1	0	1	1	0
1563	1	1	0	1	1	1	1	1	1	1	1	1	0	1	0	1	1	1	1	1
1564	1	1	0	1	0	0	0	0	1	0	1	1	1	1	0	1	0	1	0	1
1565	1	0	0	1	1	0	0	0	1	1	1	1	0	1	0	1	1	1	1	1
1566	1	0	0	1	1	1	0	0	1	1	0	1	1	0	1	0	1	1	1	1
1567	1	1	1	1	0	0	1	1	1	1	1	1	0	1	1	1	1	0	0	1
1568	1	0	1	1	0	0	0	1	1	0	0	1	0	1	1	1	1	1	0	0
1569	0	0	0	1	1	0	1	1	1	1	0	1	1	1	1	0	1	1	1	0
1570	1	0	0	0	1	1	1	0	1	1	1	1	0	1	1	1	0	0	1	1
1571	1	0	1	1	1	1	1	0	0	1	0	1	1	1	1	0	0	1	1	0
1572	1	0	1	1	1	0	1	0	0	0	0	1	0	1	0	1	0	1	0	1
1573	1	0	0	1	1	1	0	0	0	1	0	1	1	1	0	0	0	1	1	1
1574	0	0	0	1	1	0	0	0	1	1	1	1	1	1	1	1	0	1	1	0
1575	1	1	0	1	1	1	1	1	1	0	1	1	1	0	1	1	1	1	1	1
1576	1	0	0	1	1	1	1	1	1	1	1	1	0	1	1	1	1	1	1	0
1577	1	1	1	1	0	0	1	1	1	1	0	1	0	1	0	1	0	1	1	1
1578	1	1	0	1	1	1	1	1	1	0	0	1	0	1	1	1	1	1	1	1
1579	1	1	0	1	1	0	0	0	1	1	0	1	1	0	1	1	0	1	1	1
1580	1	0	0	0	0	1	0	0	0	1	1	1	0	0	1	1	0	0	1	1
1581	1	0	1	0	1	1	0	1	0	0	1	1	1	1	0	0	1	1	1	0
1582	1	0	1	0	1	0	1	0	1	1	0	1	0	1	1	1	0	0	1	1
1583	1	1	0	1	1	1	1	1	1	1	1	1	0	0	1	0	0	1	0	1
1584	1	1	0	1	1	1	1	0	1	1	1	1	1	1	1	0	1	1	1	1
1585	1	0	0	1	0	1	0	0	0	1	1	1	0	1	1	1	0	1	0	1
1586	1	1	1	1	0	1	0	1	1	1	0	1	0	0	1	1	1	0	1	1
1587	1	1	0	1	0	1	1	0	1	1	0	1	1	1	1	0	0	0	1	1
1588	0	1	0	0	0	0	1	1	1	1	1	1	1	0	0	0	0	0	1	1
1589	1	0	0	0	0	0	0	1	0	1	0	0	0	1	0	1	0	0	1	1
1590	0	0	0	1	1	0	0	0	0	0	0	0	0	0	0	0	0	1	1	1
1591	1	1	0	1	1	1	1	1	0	0	1	1	0	1	1	1	0	1	1	1
1592	1	1	0	1	1	0	1	0	1	0	0	1	0	0	1	0	1	1	1	0
1593	1	0	1	1	1	1	1	1	1	1	1	1	0	0	1	1	0	1	1	1
1594	0	1	1	1	1	1	1	1	0	1	1	1	1	1	0	0	0	0	1	0
1595	0	1	0	1	0	0	1	1	1	1	1	1	0	1	0	0	0	1	0	1
1596	1	1	0	1	1	1	0	0	0	1	0	1	1	1	0	1	1	0	1	0
1597	1	0	1	1	1	1	1	0	0	1	0	0	0	1	1	0	0	0	0	1
1598	0	0	1	1	1	0	0	1	1	1	0	1	0	1	1	1	1	0	1	1
1599	1	0	0	1	1	0	1	0	0	1	0	1	0	0	1	1	1	1	1	0
1600	1	1	0	1	1	0	1	0	1	1	1	1	0	0	1	1	0	1	1	0
1601	1	1	1	1	0	0	0	1	0	1	0	0	0	1	1	1	1	0	0	1
1602	0	1	1	1	0	1	1	1	0	1	1	1	1	1	1	1	1	0	0	1
1603	1	1	0	1	0	0	0	1	1	0	1	1	0	1	1	1	1	0	1	1
1604	1	1	0	1	1	1	1	1	0	1	1	1	0	1	0	1	1	0	0	1
1605	1	1	0	1	1	1	0	0	1	1	0	1	0	0	1	1	1	0	1	0
1606	1	0	0	1	0	0	0	1	0	1	1	1	0	0	1	1	1	1	1	1
1607	1	0	0	0	0	1	0	0	0	1	1	0	1	0	0	1	1	0	0	0
1608	1	1	1	1	0	0	1	1	0	0	0	1	0	0	0	0	0	1	1	0
1609	1	1	0	1	0	1	0	0	1	0	1	1	1	1	1	0	0	1	1	1
1610	1	0	0	1	0	1	0	1	1	0	0	1	0	0	1	0	1	1	1	1
1611	1	0	1	1	0	0	1	0	1	0	1	1	0	0	0	1	1	1	1	1
1612	0	1	0	1	0	1	1	1	0	1	1	1	0	1	1	1	1	1	0	1
1613	1	0	0	1	1	0	1	1	0	1	1	1	1	0	1	1	1	1	1	1
1614	1	1	0	1	1	0	1	0	1	1	0	1	0	1	0	1	0	0	1	1
1615	1	1	0	1	1	1	0	0	0	1	1	0	0	1	0	1	1	0	1	1
1616	0	1	0	1	1	0	1	1	1	1	0	1	0	1	1	0	1	0	1	1
1617	1	1	0	1	0	0	1	1	1	1	0	1	0	1	1	0	0	1	1	0
1618	1	0	0	1	0	0	0	0	1	1	0	0	0	1	1	1	1	1	1	1
1619	0	1	0	0	1	0	0	1	1	0	1	0	1	0	0	0	1	0	1	1
1620	1	1	0	1	1	1	0	1	0	1	1	1	1	1	0	1	1	1	1	1
1621	1	0	0	1	0	0	1	0	1	1	0	0	1	0	1	0	0	1	1	1
1622	1	1	0	1	1	1	1	0	1	1	1	1	1	0	1	1	1	1	1	1
1623	0	0	0	1	1	0	0	0	0	0	0	1	1	0	0	0	0	0	0	0
1624	1	0	0	1	1	0	0	0	0	1	0	1	0	1	1	1	1	1	1	0
1625	1	0	0	1	0	0	1	0	1	1	1	1	0	1	1	1	0	1	1	0
1626	1	0	0	1	0	1	0	1	0	1	1	1	0	1	0	1	0	0	1	1
1627	1	0	0	1	1	1	1	1	1	1	1	0	1	1	0	1	1	0	0	1
1628	1	1	1	0	0	1	1	1	1	1	1	0	1	1	1	0	1	1	1	1
1629	1	1	0	0	0	0	1	1	1	0	0	1	0	0	1	0	1	0	1	1
1630	1	0	0	1	1	0	1	1	1	1	0	0	0	1	0	1	1	0	1	1
1631	1	0	0	1	1	0	1	0	1	1	1	1	0	0	0	1	0	1	0	0
1632	1	0	0	1	1	0	0	1	1	1	0	1	0	0	0	1	1	1	1	1
1633	1	0	1	1	1	1	1	0	0	1	1	1	0	1	1	0	0	1	0	1
1634	1	0	1	0	1	1	1	0	1	0	1	1	0	0	1	0	1	1	0	1
1635	0	0	0	1	1	0	1	1	1	1	1	1	1	1	1	1	0	1	1	1
1636	1	0	0	1	1	0	0	0	0	1	0	1	0	0	1	1	0	1	0	0
1637	0	1	0	1	1	1	1	0	1	0	0	1	1	0	1	1	0	1	1	1
1638	1	1	0	1	1	1	1	1	1	1	1	1	1	1	1	1	1	1	1	1
1639	1	1	0	1	0	0	1	0	1	1	0	0	0	0	1	0	1	1	0	0
1640	0	0	0	1	0	0	1	0	1	1	1	0	1	1	1	1	0	0	1	0
1641	1	1	0	1	0	0	0	0	1	0	1	1	1	1	1	1	1	0	1	0
1642	1	0	1	1	0	1	0	1	1	0	1	0	1	0	1	1	1	1	1	1
1643	1	1	0	1	1	0	1	0	1	1	0	1	0	1	0	1	1	1	1	1
1644	1	1	0	1	0	1	1	0	0	1	1	1	0	0	0	1	0	1	1	0
1645	0	1	0	0	1	1	0	0	1	0	0	0	0	0	0	1	0	0	0	0
1646	0	0	0	1	0	0	1	1	1	1	0	0	0	0	0	0	0	1	1	1
1647	1	1	0	1	0	0	0	0	1	1	0	1	1	0	1	1	0	0	0	1
1648	0	1	0	1	1	0	0	1	1	1	1	1	0	1	0	1	1	1	1	1
1649	1	1	0	1	1	1	1	1	0	0	1	1	0	0	1	1	1	1	0	1
1650	1	0	0	1	0	0	0	0	0	1	1	1	1	0	0	1	1	1	1	1
1651	1	1	0	1	0	1	1	1	0	1	1	1	1	1	0	0	1	0	1	1
1652	1	1	0	1	0	0	1	0	1	1	1	1	0	0	1	1	1	1	1	1
1653	1	1	0	0	1	1	1	0	1	1	1	1	1	1	1	1	0	1	1	1
1654	1	0	0	1	1	1	0	0	0	0	1	1	1	1	1	1	1	1	1	0
1655	1	1	0	0	0	0	1	0	1	1	1	1	0	1	0	0	0	0	1	0
1656	1	1	1	1	1	1	1	0	0	1	1	1	0	1	1	1	1	1	1	1
1657	1	0	0	1	1	0	1	1	0	1	1	1	1	1	1	1	0	1	0	1
1658	1	1	1	1	1	1	1	1	1	1	1	1	1	1	1	1	0	1	0	0
1659	1	1	0	1	1	1	1	1	0	0	1	1	1	1	1	1	0	1	1	1
1660	1	0	0	1	1	0	0	0	0	1	1	1	0	0	1	0	0	1	1	1
1661	1	0	0	1	1	0	1	1	1	1	0	1	0	1	1	0	0	0	0	0
1662	1	0	0	1	1	1	1	0	0	1	0	1	0	1	1	0	0	1	0	1
1663	1	1	0	1	1	0	1	0	1	1	1	0	1	0	1	1	0	0	1	0
1664	1	0	1	1	1	0	0	1	0	1	0	1	1	1	0	1	0	1	1	1
1665	1	0	1	0	0	1	1	0	0	1	0	1	1	0	0	1	0	0	1	1
1666	1	0	1	1	0	1	1	0	1	1	1	1	1	1	0	0	0	1	1	1
1667	1	1	0	1	1	1	0	0	0	1	1	1	1	1	1	0	0	1	1	1
1668	0	1	0	1	1	0	0	1	1	1	1	1	1	1	1	1	1	1	1	1
1669	1	1	0	1	1	0	1	0	1	1	0	1	1	1	1	1	0	1	1	1
1670	1	0	0	1	0	0	1	0	0	1	1	1	1	1	1	1	1	1	1	1
1671	0	0	0	1	0	0	0	1	1	0	1	1	0	0	1	0	0	1	0	1
1672	1	1	0	1	1	0	1	0	0	0	0	0	0	0	0	1	0	1	1	0
1673	1	0	0	1	1	0	0	0	1	1	0	1	0	1	0	0	0	1	0	1
1674	0	1	0	0	0	0	1	1	1	1	1	0	0	1	1	1	1	0	1	1
1675	1	1	0	0	1	1	1	0	1	0	0	1	1	1	1	0	0	0	1	0
1676	0	0	0	1	1	0	1	1	1	1	1	1	1	1	0	0	0	1	1	1
1677	1	0	0	1	1	0	1	1	0	1	1	1	0	1	1	1	1	1	1	1
1678	0	1	0	1	1	0	1	1	1	1	1	1	1	0	0	0	1	0	1	1
1679	0	1	0	1	1	1	1	1	1	1	0	0	0	1	1	1	1	1	1	1
1680	1	1	1	1	0	0	1	1	1	1	1	1	1	1	0	1	0	1	1	0
1681	0	1	1	1	1	1	1	1	0	1	1	1	1	1	0	0	1	1	1	1
1682	1	1	0	1	1	0	1	0	1	0	1	0	1	0	1	0	0	0	1	0
1683	1	1	0	1	1	1	1	1	1	1	1	1	0	1	0	1	0	1	1	1
1684	1	0	1	1	0	0	0	1	1	1	0	1	1	1	1	0	1	1	1	1
1685	1	1	0	1	1	0	1	1	0	1	1	1	1	1	1	1	0	1	0	1
1686	1	0	1	1	0	0	1	1	0	1	1	1	0	0	0	1	0	0	1	1
1687	0	0	1	0	1	0	1	1	1	0	0	0	1	0	1	1	1	0	1	0
1688	1	0	0	1	1	0	1	1	0	1	1	1	1	1	0	1	0	1	1	1
1689	0	0	0	0	0	0	0	0	1	1	0	0	0	1	1	0	0	0	1	0
1690	0	0	0	1	0	0	1	0	0	1	0	0	0	1	0	0	1	0	0	0
1691	1	0	0	1	1	0	1	0	1	0	1	1	1	1	1	0	1	0	1	1
1692	1	1	1	1	1	1	1	0	0	1	1	1	1	1	1	1	1	1	1	0
1693	1	1	0	1	1	1	0	1	1	1	1	0	0	0	1	1	1	1	1	1
1694	0	1	0	1	0	0	1	0	1	1	1	1	1	0	1	1	0	1	1	1
1695	1	0	0	1	1	0	1	1	0	1	0	1	1	0	0	1	1	1	1	1
1696	1	1	0	0	1	1	1	1	0	1	1	1	1	1	1	0	1	0	0	1
1697	1	0	0	1	0	0	1	0	0	1	0	0	0	1	1	1	0	0	1	1
1698	1	0	0	1	1	1	1	1	0	1	1	1	0	1	0	1	0	0	1	0
1699	1	1	1	0	0	1	1	1	0	0	1	1	0	1	0	1	0	1	0	1
1700	1	1	0	1	1	1	0	0	0	1	0	1	0	1	0	0	1	1	0	1
1701	1	1	0	1	0	0	0	0	0	1	1	1	1	0	1	1	0	1	0	1
1702	0	1	0	1	1	0	0	1	1	0	1	1	1	1	0	0	0	1	1	1
1703	0	1	1	1	0	0	0	0	1	0	0	1	0	1	0	1	0	0	1	0
1704	1	1	0	1	1	0	1	1	1	1	1	1	1	1	1	1	0	1	0	1
1705	1	1	1	1	1	1	0	0	1	0	1	1	0	1	0	1	1	1	0	1
1706	0	0	0	0	1	1	0	0	0	0	1	0	0	1	0	0	0	0	1	1
1707	1	0	0	1	0	0	1	1	1	1	0	1	0	1	1	0	1	0	1	1
1708	1	0	0	1	0	0	1	0	1	1	0	1	1	1	0	1	0	1	1	1
1709	1	0	1	1	1	0	1	0	1	0	1	1	0	1	0	1	0	1	1	1
1710	0	0	1	1	0	0	1	1	0	1	1	1	0	1	1	1	1	1	1	0
1711	1	1	0	1	1	0	0	0	1	1	0	1	1	0	1	1	0	0	1	1
1712	1	1	1	1	1	1	1	1	1	1	1	1	0	0	0	1	0	0	1	1
1713	1	0	0	1	1	0	1	0	1	1	1	0	0	0	1	0	1	1	1	0
1714	1	0	0	0	0	1	0	0	1	0	1	0	0	0	0	0	0	0	0	0
1715	0	0	1	1	0	0	1	0	0	0	0	0	0	0	0	0	0	1	1	1
1716	1	0	0	1	1	0	1	1	1	1	0	1	1	1	1	1	0	1	1	0
1717	1	0	0	0	1	0	1	1	0	0	0	1	0	1	0	1	0	0	0	1
1718	0	1	0	1	1	0	1	0	0	1	1	1	1	0	0	0	1	1	0	0
1719	1	0	0	1	1	1	1	0	0	1	0	1	0	0	1	1	0	1	0	1
1720	1	1	0	0	1	0	1	0	1	1	1	0	0	0	0	1	0	0	1	0
1721	1	0	0	1	0	1	1	1	1	0	1	1	0	0	0	1	1	1	0	0
1722	0	1	0	1	1	0	1	1	1	1	1	1	0	0	0	1	0	0	1	1
1723	1	1	0	0	1	0	0	0	1	1	1	1	0	0	0	1	0	1	0	1
1724	0	0	1	1	0	1	0	0	0	1	0	1	0	1	1	0	1	1	0	0
1725	0	1	0	1	1	1	1	0	0	0	1	1	1	1	1	0	0	0	1	1
1726	1	0	0	1	0	0	1	1	1	1	0	1	1	0	0	1	0	1	1	0
1727	1	1	1	1	1	0	0	1	1	0	1	1	0	1	1	1	0	1	0	1
1728	1	1	0	1	0	0	1	1	1	1	0	1	1	0	0	0	1	1	0	1
1729	1	1	0	0	1	0	0	1	0	1	1	1	0	1	0	1	0	1	1	1
1730	1	0	0	1	1	0	1	1	0	1	1	1	0	0	0	0	0	1	0	0
1731	1	0	0	1	1	0	0	0	1	1	0	1	1	1	0	0	0	1	1	1
1732	1	0	0	0	0	1	1	0	0	0	1	1	1	1	0	1	1	0	1	1
1733	1	0	0	1	0	0	0	1	0	0	0	1	0	0	1	1	1	1	0	1
1734	1	1	0	0	1	1	0	0	1	1	1	1	0	1	1	1	1	1	1	1
1735	0	0	0	0	0	0	1	1	0	0	1	0	0	1	0	1	1	1	1	1
1736	0	1	0	1	0	0	1	0	1	1	0	1	1	1	1	1	1	0	1	1
1737	0	1	0	1	0	1	1	1	0	1	1	0	1	1	1	1	1	1	1	0
1738	1	0	0	1	1	0	1	0	0	1	0	0	1	0	0	0	1	1	1	1
1739	0	0	0	1	1	0	1	1	1	1	1	1	0	0	1	1	1	0	1	1
1740	1	0	0	1	0	1	1	0	1	1	0	0	0	0	0	0	0	1	1	0
1741	0	1	0	1	1	0	1	1	0	0	1	0	0	1	1	0	0	1	1	0
1742	1	0	0	1	0	0	0	0	1	1	0	1	1	1	1	1	1	1	1	1
1743	0	1	0	1	1	0	1	1	1	1	0	1	0	1	1	1	0	1	1	0
1744	1	1	1	1	1	1	0	1	1	1	1	1	1	1	1	1	0	1	1	1
1745	1	1	1	1	1	0	1	1	1	1	0	1	1	0	1	1	1	0	1	1
1746	1	0	0	1	1	1	0	1	0	0	1	0	0	1	0	1	1	1	0	1
1747	1	1	0	0	1	0	1	1	1	1	1	1	0	0	0	0	0	1	1	1
1748	1	0	1	1	1	0	1	0	0	1	1	1	0	1	0	0	0	0	1	0
1749	1	0	0	1	1	1	1	0	0	1	1	1	1	1	0	1	0	0	1	1
1750	1	0	0	1	1	0	0	1	0	1	0	0	1	0	0	1	1	1	1	0
1751	1	0	0	1	0	0	0	1	1	0	1	0	1	0	1	0	0	1	1	1
1752	1	0	1	1	1	1	1	0	1	1	1	0	0	1	1	1	1	0	1	0
1753	1	0	1	1	1	1	0	0	1	1	1	1	0	0	1	1	0	1	1	0
1754	1	0	1	0	1	0	1	1	1	1	1	1	1	0	0	0	0	1	1	1
1755	1	0	0	1	0	1	0	1	0	1	0	0	0	0	0	0	0	0	1	1
1756	1	1	0	1	0	0	0	0	0	0	0	0	1	1	0	1	0	1	1	0
1757	1	0	0	1	1	0	0	1	1	0	1	0	1	0	1	1	0	0	1	1
1758	1	1	0	0	0	0	0	1	0	1	1	1	0	1	0	1	0	0	0	0
1759	1	0	1	1	1	0	0	0	1	1	0	1	0	0	0	1	0	1	1	1
1760	1	1	0	1	1	0	1	0	0	1	1	0	0	1	0	1	0	1	1	0
1761	1	0	0	1	1	1	1	0	1	0	1	1	1	0	1	1	1	1	0	1
1762	1	0	0	1	1	0	1	0	0	1	0	1	1	1	1	1	0	1	1	1
1763	1	1	0	1	1	1	0	1	1	0	1	0	0	1	1	1	0	0	1	1
1764	0	0	0	0	0	0	1	1	1	0	1	1	0	0	0	1	1	0	1	1
1765	1	0	0	1	0	1	1	0	0	1	1	1	1	1	1	1	0	0	1	1
1766	0	0	0	0	1	0	1	0	0	0	1	0	1	0	1	0	0	0	0	1
1767	1	1	0	1	1	1	1	1	1	1	1	1	1	1	0	1	0	1	1	1
1768	1	1	0	1	0	0	1	0	0	1	1	1	1	1	1	1	1	1	1	0
1769	1	1	0	1	1	1	1	0	0	1	1	1	1	1	1	0	1	1	1	1
1770	0	0	0	1	1	0	1	1	1	0	0	0	0	0	1	0	0	0	1	1
1771	1	1	0	1	1	1	0	0	0	1	1	1	1	1	1	1	1	0	1	1
1772	0	0	0	1	1	1	1	1	0	1	0	1	0	0	0	0	0	1	1	1
1773	1	0	0	1	0	0	0	1	0	1	1	1	0	1	1	1	1	0	1	1
1774	1	0	0	1	0	0	0	1	1	0	0	1	0	0	0	1	0	0	1	0
1775	1	0	0	0	1	1	1	1	0	1	0	1	1	1	0	1	0	1	1	1
1776	1	0	0	1	1	1	0	0	0	1	0	0	0	1	0	1	0	1	1	1
1777	1	0	1	1	0	0	0	0	1	0	1	0	0	1	0	1	1	0	1	1
1778	1	1	1	1	0	0	0	0	0	1	0	0	0	0	1	1	0	1	1	0
1779	1	0	0	1	1	0	1	1	1	1	0	1	1	0	0	0	0	0	0	0
1780	0	0	0	1	0	0	0	1	1	1	1	1	1	0	0	1	1	1	1	1
1781	0	0	0	1	0	0	0	1	0	0	1	0	1	0	1	1	0	0	1	1
1782	0	0	1	1	1	0	0	0	0	1	1	0	1	0	0	1	0	0	1	1
1783	1	0	1	1	1	0	1	1	0	1	1	0	1	1	1	1	1	1	1	1
1784	1	0	0	1	1	0	1	0	0	0	0	1	0	0	1	0	0	1	1	1
1785	1	0	0	1	0	0	1	1	1	1	0	1	1	0	0	1	1	1	1	1
1786	1	0	0	1	0	0	0	0	0	0	1	0	0	0	1	1	1	0	1	0
1787	0	1	0	0	0	1	1	0	0	0	0	1	0	0	1	0	0	0	1	1
1788	1	0	0	1	0	1	1	0	0	1	0	1	0	0	1	1	1	1	1	1
1789	0	1	0	1	1	0	1	0	0	1	1	1	0	1	1	1	0	1	1	0
1790	1	1	1	1	0	0	0	1	1	1	1	1	1	1	1	0	1	1	0	1
1791	0	0	0	0	0	0	1	1	1	0	1	0	0	0	0	0	1	1	1	1
1792	1	0	0	1	1	0	1	0	1	0	1	1	1	1	1	1	1	1	1	1
1793	1	0	0	1	1	1	1	1	1	0	0	1	1	1	1	1	1	1	1	0
1794	1	0	0	1	0	1	1	0	1	0	0	1	0	0	1	1	1	0	1	1
1795	0	1	0	0	1	0	1	1	0	1	0	1	0	1	0	0	0	1	1	0
1796	1	1	0	0	1	0	0	1	1	1	1	1	0	1	1	1	0	1	1	1
1797	1	1	0	1	1	0	1	1	1	1	0	1	1	1	1	0	0	1	1	1
1798	1	0	0	1	1	0	1	1	1	1	1	1	1	0	1	1	1	0	1	1
1799	0	0	0	1	1	0	0	0	0	1	0	0	0	0	0	0	1	0	0	1
1800	0	1	1	0	0	0	1	1	0	1	1	0	1	0	1	1	0	1	0	1
1801	0	0	0	1	1	0	1	1	0	1	1	1	1	0	1	1	0	1	1	0
1802	1	1	0	1	0	0	1	1	1	1	1	0	1	0	1	1	0	0	0	0
1803	0	0	0	1	0	0	0	0	1	0	0	0	0	1	0	0	0	0	1	0
1804	1	1	1	1	1	1	1	1	1	1	1	1	1	1	1	0	1	1	1	1
1805	1	1	1	0	1	0	1	1	1	1	1	0	1	1	1	0	0	0	1	1
1806	1	0	1	1	0	1	1	0	0	1	1	1	0	0	0	0	0	0	1	1
1807	0	0	0	1	0	0	0	0	1	1	1	1	0	1	0	0	0	0	1	1
1808	1	1	0	1	0	1	0	1	0	1	1	1	1	1	0	1	0	1	1	1
1809	1	0	0	0	0	1	1	0	0	1	0	1	0	1	0	1	0	1	1	1
1810	1	1	0	1	1	0	0	1	1	1	0	1	1	0	0	0	0	1	1	1
1811	1	1	0	0	1	1	1	0	0	1	1	0	0	0	1	0	0	1	1	1
1812	1	1	0	1	0	1	0	0	0	0	0	1	1	0	1	0	0	1	1	1
1813	0	0	1	1	0	1	1	1	1	1	1	1	0	1	1	0	0	0	1	1
1814	0	1	0	0	0	0	0	0	1	1	1	0	0	0	1	0	1	1	1	0
1815	1	0	1	0	1	1	0	0	0	1	1	0	1	0	1	1	0	0	1	0
1816	1	0	0	1	1	1	1	1	1	0	0	1	0	1	0	1	0	0	1	1
1817	1	0	0	0	0	0	0	1	0	1	1	0	0	1	1	1	1	1	1	0
1818	0	1	0	0	0	0	1	0	1	1	0	1	0	0	0	1	1	0	1	0
1819	1	1	1	1	1	1	0	0	0	1	0	1	1	1	0	1	0	0	1	1
1820	1	0	1	0	1	0	0	1	0	1	0	1	1	1	1	1	1	1	0	1
1821	1	0	0	1	0	1	0	0	1	1	1	1	0	0	0	0	0	1	1	1
1822	0	0	1	1	0	0	1	0	0	0	0	1	0	0	1	0	1	0	1	1
1823	1	1	0	1	1	0	1	1	0	1	1	1	1	1	1	1	0	1	1	1
1824	0	1	0	1	0	0	0	0	1	0	0	0	0	0	1	0	0	0	1	1
1825	0	0	0	1	0	0	0	0	0	0	0	0	0	1	0	1	0	1	1	0
1826	0	0	0	1	1	1	1	1	1	1	1	1	0	1	0	1	1	0	0	1
1827	0	0	0	1	1	0	0	0	1	0	0	0	1	0	0	0	1	1	1	1
1828	1	1	0	0	0	0	0	0	1	1	0	1	0	0	1	1	0	1	1	0
1829	1	0	0	1	1	0	1	1	1	1	1	1	1	1	1	1	0	1	0	0
1830	0	0	1	1	1	1	0	1	0	1	0	1	1	1	1	0	0	1	1	1
1831	1	1	0	0	1	0	1	0	0	1	1	1	0	1	1	0	0	1	0	1
1832	1	0	0	1	0	1	1	1	1	0	1	0	0	1	0	0	1	1	1	0
1833	1	0	0	1	1	1	0	0	0	1	0	1	1	1	0	1	1	1	0	1
1834	0	0	0	1	1	1	0	1	1	0	0	1	0	1	1	0	1	0	0	1
1835	1	0	1	1	1	1	0	1	1	1	0	0	0	1	0	0	0	0	1	1
1836	0	1	0	0	1	1	1	1	1	1	0	0	0	1	1	1	0	1	1	1
1837	0	0	0	1	1	1	1	0	0	1	1	0	1	0	0	1	0	1	0	1
1838	1	0	0	1	0	0	0	0	1	1	1	1	0	0	1	1	0	0	1	1
1839	1	1	1	1	1	1	0	1	1	1	1	1	1	1	1	1	1	1	1	1
1840	1	1	1	1	1	1	1	0	0	1	0	1	1	1	1	1	1	1	1	1
1841	1	1	0	1	0	0	1	0	0	1	0	1	0	0	1	0	1	1	1	1
1842	1	1	1	1	0	0	1	1	0	1	0	0	0	1	0	0	0	0	1	1
1843	1	1	1	1	1	0	1	1	0	1	1	1	1	1	1	1	1	1	1	1
1844	1	1	0	0	1	0	1	0	1	1	1	1	0	0	0	0	1	1	0	1
1845	1	1	0	1	0	0	1	1	0	0	0	1	0	0	1	1	1	0	1	1
1846	1	0	0	0	0	0	1	1	1	0	0	1	0	0	1	0	0	1	1	1
1847	1	1	1	1	1	1	1	1	0	1	1	1	1	1	0	1	0	1	1	1
1848	1	0	0	1	0	0	0	1	1	0	0	0	1	0	1	1	0	1	0	1
1849	1	1	0	1	1	0	0	0	0	0	1	1	0	0	1	0	1	0	1	1
1850	0	0	0	1	0	1	1	1	1	0	1	1	0	0	1	0	0	1	0	1
1851	0	1	1	1	0	1	1	1	1	1	1	1	0	1	1	1	0	1	1	1
1852	1	0	0	1	1	1	1	0	1	1	0	1	0	1	0	1	1	1	1	1
1853	1	1	0	1	1	0	1	0	0	1	1	0	0	1	1	1	1	1	1	0
1854	1	1	0	1	1	0	0	0	0	1	0	1	1	0	0	0	0	1	0	1
1855	1	0	0	1	1	0	1	0	0	1	0	1	0	1	0	0	1	0	1	1
1856	1	1	0	1	1	1	1	1	0	1	1	1	0	1	1	0	1	1	1	0
1857	1	0	0	0	1	0	1	0	0	1	1	1	0	1	1	1	0	1	1	0
1858	1	1	0	0	0	0	1	0	0	1	0	1	0	1	1	0	1	0	1	1
1859	1	0	0	1	1	0	1	1	0	1	1	1	0	1	1	1	1	1	1	1
1860	1	0	0	1	1	0	1	0	1	0	1	0	1	1	1	1	1	1	1	1
1861	1	0	0	1	0	1	1	1	1	1	0	0	0	0	1	1	0	0	1	0
1862	0	0	0	1	0	1	0	0	0	1	0	1	1	0	0	1	0	1	1	0
1863	1	0	0	0	1	0	0	0	1	1	0	1	0	1	1	1	0	1	1	1
1864	0	1	0	0	0	1	1	0	1	1	0	1	0	0	1	1	0	0	0	0
1865	1	1	0	1	0	0	0	1	0	0	1	0	1	1	0	1	1	0	1	1
1866	1	0	0	0	1	0	1	0	1	0	1	1	0	1	0	0	0	0	1	1
1867	1	1	1	1	1	1	1	1	0	1	1	1	0	0	0	1	0	0	1	1
1868	1	1	1	1	1	0	1	1	1	1	1	1	1	1	1	1	0	0	1	1
1869	0	0	0	1	0	1	1	1	0	1	0	0	1	1	0	1	0	1	1	1
1870	1	1	0	1	1	1	0	0	0	0	1	1	0	1	0	1	1	0	1	0
1871	0	1	0	1	1	1	0	1	1	0	1	1	0	1	0	1	1	0	1	1
1872	1	0	1	1	1	0	1	1	0	1	0	1	1	1	1	1	1	1	1	1
1873	1	0	0	1	1	0	1	1	1	0	1	0	0	1	0	1	0	0	0	1
1874	1	1	1	0	1	1	1	1	1	1	0	0	0	1	0	1	0	1	0	1
1875	1	0	0	0	1	0	1	0	0	1	1	0	1	1	1	1	0	1	1	1
1876	0	0	1	0	0	0	1	0	0	1	1	0	0	0	1	0	0	0	1	1
1877	1	1	0	1	1	1	1	0	1	1	0	1	0	0	0	1	1	0	1	0
1878	1	0	0	1	1	0	1	0	0	0	1	0	0	0	1	1	0	1	1	1
1879	1	1	0	1	1	0	1	1	0	0	0	0	0	1	1	0	0	1	1	1
1880	1	0	0	1	0	0	0	1	1	0	0	1	1	1	0	0	0	0	0	0
1881	1	0	0	1	0	0	1	0	0	1	0	1	0	1	0	0	0	1	0	0
1882	0	1	0	1	0	0	0	0	1	1	0	0	0	0	0	0	1	0	1	0
1883	1	0	0	1	1	1	0	1	0	0	0	0	0	0	1	0	0	1	1	1
1884	1	0	0	1	0	1	1	1	0	1	1	1	1	1	1	0	0	1	1	1
1885	1	1	1	1	1	1	1	1	0	1	0	1	1	1	1	1	0	1	1	0
1886	1	1	0	1	1	0	1	1	1	1	0	1	1	1	1	1	1	1	1	1
1887	1	0	1	1	1	1	1	1	1	1	1	1	0	1	0	1	1	1	1	1
1888	1	1	1	1	1	0	0	1	0	1	0	1	0	1	0	1	1	0	0	0
1889	1	1	0	1	1	1	1	1	1	1	1	1	1	0	0	1	1	1	1	1
1890	0	0	0	1	0	0	1	0	0	1	1	1	1	1	1	0	0	0	1	1
1891	1	1	1	1	1	0	1	0	0	1	1	1	0	1	1	1	0	1	0	1
1892	0	0	0	1	1	1	1	0	1	1	0	1	0	1	0	1	0	0	1	1
1893	1	1	0	1	0	0	0	0	0	1	0	0	1	0	0	0	1	1	1	1
1894	0	1	0	1	1	0	1	1	1	1	1	1	1	0	1	1	1	1	1	1
1895	1	0	0	1	0	1	1	1	1	1	1	1	1	1	0	1	1	1	0	1
1896	1	0	0	1	0	1	1	1	0	1	1	1	1	1	1	1	1	1	1	1
1897	1	1	1	1	1	0	1	1	0	0	1	1	0	1	1	1	0	1	1	1
1898	1	0	0	1	1	0	1	1	0	1	1	1	0	0	1	1	0	1	1	0
1899	0	1	0	1	1	0	1	0	1	0	1	1	1	1	1	0	0	1	1	1
1900	1	0	0	1	1	0	1	1	1	1	1	1	0	0	1	1	0	0	1	0
1901	1	0	0	1	1	1	1	0	0	0	1	1	0	1	0	1	0	1	1	1
1902	0	0	1	1	0	1	1	0	0	1	0	1	1	1	0	1	0	0	1	1
1903	1	1	0	1	1	1	1	1	1	1	1	1	0	1	1	1	0	1	1	1
1904	1	0	0	1	0	0	0	0	0	0	1	1	0	0	1	1	0	1	1	0
1905	1	1	0	0	1	1	1	1	1	1	1	1	0	0	0	0	0	1	1	1
1906	1	0	1	1	0	1	1	1	1	1	0	1	0	0	1	0	0	1	0	0
1907	1	0	0	1	0	1	0	0	0	1	0	0	1	0	1	1	0	0	1	1
1908	1	1	0	1	1	0	1	0	0	1	1	1	0	1	1	1	0	0	1	1
1909	1	0	1	1	1	1	1	0	0	1	1	1	0	0	1	0	0	1	1	1
1910	1	1	0	1	1	0	1	0	1	1	1	1	0	1	0	0	0	1	0	1
1911	1	1	0	0	1	1	0	0	1	0	0	1	0	1	1	0	0	1	1	1
1912	1	1	0	1	1	0	0	0	1	1	1	1	0	0	0	1	1	0	0	1
1913	1	1	0	1	0	0	0	1	1	0	0	1	1	1	0	1	0	1	1	0
1914	1	1	0	1	1	0	1	1	1	0	0	0	1	1	0	1	0	0	1	1
1915	1	0	0	1	0	0	0	0	1	1	0	0	0	1	0	1	0	1	1	0
1916	1	1	0	0	1	1	1	1	0	1	1	1	1	1	1	1	1	1	1	1
1917	1	0	0	1	0	1	0	0	0	1	0	0	0	0	1	1	0	0	1	0
1918	1	1	0	1	1	0	1	1	0	1	1	1	0	1	0	1	1	1	1	0
1919	1	1	0	1	0	1	1	0	1	1	0	0	0	0	1	1	1	1	1	0
1920	0	0	0	1	0	1	1	1	1	0	0	0	0	1	1	1	0	0	1	0
1921	1	1	0	0	1	0	0	1	1	1	1	0	0	1	1	1	0	0	0	0
1922	0	0	0	1	0	1	0	0	1	1	0	1	0	0	0	0	0	0	1	0
1923	1	0	0	1	0	1	0	1	1	1	1	1	1	1	1	0	0	1	1	1
1924	1	1	0	1	1	0	1	1	1	0	1	1	0	1	0	1	0	0	1	0
1925	1	0	0	1	1	0	0	1	1	1	1	1	0	1	1	0	0	0	1	1
1926	1	0	1	1	0	0	0	0	1	0	0	1	1	1	1	0	0	0	1	0
1927	1	1	1	1	0	0	1	0	1	1	1	1	0	1	1	0	1	0	1	1
1928	1	0	0	0	1	0	1	0	0	0	0	0	0	0	0	0	0	0	0	0
1929	0	1	0	1	0	0	0	0	0	1	1	0	0	0	1	1	1	1	1	1
1930	0	1	0	1	1	1	1	1	1	1	1	1	0	1	0	1	1	0	1	0
1931	1	1	0	1	1	1	0	0	0	1	0	0	1	1	1	1	0	1	1	0
1932	1	0	0	1	1	0	1	0	1	1	1	1	0	0	1	1	0	1	1	0
1933	0	0	0	0	0	1	1	0	0	1	1	0	0	1	0	0	1	1	1	1
1934	0	0	0	1	1	0	1	0	0	0	0	1	0	0	0	1	0	1	1	0
1935	1	1	0	1	0	1	0	1	0	1	0	0	1	1	0	1	1	1	1	0
1936	1	0	0	0	1	0	0	0	0	0	1	1	0	0	0	0	1	1	1	0
1937	0	0	0	1	0	1	1	1	0	0	1	1	1	1	1	1	1	0	1	1
1938	0	1	1	1	1	0	1	1	0	0	0	1	0	1	0	1	0	1	1	0
1939	1	0	0	1	1	0	1	1	1	1	1	1	1	1	1	1	1	1	1	1
1940	0	1	0	1	0	0	0	0	0	0	1	1	1	0	1	1	1	1	1	1
1941	1	0	0	1	0	0	0	1	0	0	1	1	0	1	1	0	0	1	1	1
1942	1	1	0	0	1	0	1	1	1	1	1	1	0	1	0	0	0	1	1	1
1943	1	0	1	1	1	0	1	0	1	1	1	0	1	1	1	0	0	0	1	1
1944	1	1	0	1	1	0	1	0	1	1	0	1	1	1	1	1	1	1	1	1
1945	1	0	1	1	1	0	1	0	1	1	1	1	0	0	0	1	0	1	1	1
1946	1	1	0	1	1	1	1	0	0	1	1	1	0	0	0	1	0	0	0	1
1947	0	1	1	1	1	1	1	0	0	1	0	1	0	1	1	1	0	0	1	1
1948	1	0	1	0	1	0	0	1	0	1	0	1	1	1	1	1	1	1	0	1
1949	1	1	1	0	0	1	1	1	0	1	1	0	1	1	0	1	1	1	1	0
1950	1	1	0	1	1	1	1	0	1	1	1	1	0	1	1	0	1	1	1	1
1951	1	1	0	1	1	1	1	1	1	1	1	1	0	1	1	0	1	0	1	1
1952	1	1	0	1	1	1	1	0	0	0	0	1	0	1	0	1	0	1	1	0
1953	1	1	1	1	1	0	1	1	0	1	1	1	1	1	0	1	1	1	1	1
1954	1	0	0	1	0	0	0	1	1	1	1	1	0	1	1	1	0	1	1	1
1955	1	0	0	1	1	0	1	0	1	1	0	0	1	0	1	1	0	1	1	1
1956	1	0	0	1	0	1	1	1	0	1	0	1	1	1	1	0	0	0	1	1
1957	1	0	0	1	0	0	1	0	1	0	1	1	1	1	1	0	0	1	0	1
1958	1	0	0	1	0	0	0	0	1	1	0	1	1	1	0	0	0	1	1	1
1959	1	1	0	1	1	0	1	0	1	1	1	1	0	1	0	1	0	1	1	0
1960	1	1	1	1	1	0	0	0	1	1	1	1	1	0	0	1	1	1	0	0
1961	1	1	0	1	1	1	1	1	1	0	0	1	0	1	1	1	1	1	1	1
1962	0	0	0	1	1	0	1	0	1	1	1	0	0	1	1	0	0	1	1	1
1963	1	0	0	0	1	0	1	0	0	0	1	1	0	0	0	1	0	0	1	1
1964	0	1	0	1	1	1	1	0	0	0	0	0	1	1	1	1	1	1	0	0
1965	1	1	0	1	0	1	1	0	1	1	1	0	0	1	1	0	1	0	1	1
1966	0	1	0	1	1	1	1	0	0	1	0	1	0	1	1	1	1	0	1	1
1967	1	0	0	1	1	1	1	1	0	0	0	1	1	1	1	1	1	1	1	1
1968	0	1	1	1	0	1	1	0	0	1	0	1	0	0	0	1	1	1	1	0
1969	1	1	0	1	1	0	1	1	0	1	1	1	0	1	1	0	1	1	1	0
1970	1	0	0	1	0	1	0	0	0	1	0	1	1	1	1	1	0	1	1	1
1971	1	0	0	1	0	0	1	1	1	1	1	1	0	1	1	1	0	1	1	1
1972	1	0	1	0	0	0	0	0	0	0	0	1	1	0	0	1	0	0	0	1
1973	1	0	0	1	1	0	0	0	0	0	0	1	0	1	1	1	1	0	1	1
1974	1	0	1	0	1	1	0	0	1	1	1	0	0	1	0	1	1	1	1	1
1975	1	0	1	1	0	1	0	0	0	0	0	1	1	0	0	1	0	1	1	1
1976	1	0	1	0	0	0	1	0	1	1	1	1	0	1	0	0	0	1	1	1
1977	1	1	0	1	1	1	1	0	1	1	1	1	1	1	1	1	0	1	1	1
1978	1	1	1	1	0	0	1	1	1	1	1	1	0	1	1	1	1	1	1	0
1979	1	0	0	1	0	0	0	0	0	1	1	1	0	0	0	0	0	1	1	0
1980	1	0	0	1	0	0	1	0	0	0	0	1	0	0	1	0	0	1	1	1
1981	1	1	0	1	1	0	1	1	1	1	0	0	0	1	0	0	0	1	0	1
1982	0	0	0	1	0	1	1	0	0	0	0	1	0	0	0	1	1	1	1	1
1983	0	1	0	1	0	0	1	1	0	1	0	0	1	1	1	1	0	1	1	1
1984	1	0	0	1	0	0	1	1	1	1	0	1	0	0	1	0	0	0	1	1
1985	1	0	0	0	1	0	1	1	1	1	0	1	1	1	1	1	0	1	1	1
1986	1	1	0	1	0	0	0	0	0	0	0	1	0	0	1	1	0	1	1	1
1987	0	1	0	0	1	1	1	0	1	1	1	0	1	1	1	1	1	0	1	1
1988	1	0	0	1	0	0	0	1	0	1	0	0	1	1	0	1	1	0	1	1
1989	0	0	0	1	0	0	1	0	1	1	1	1	1	1	1	0	0	0	1	1
1990	0	1	0	1	1	0	0	1	1	1	0	1	1	1	1	0	0	1	1	1
1991	1	1	1	1	0	1	0	0	0	1	1	1	1	1	1	1	0	1	1	1
1992	1	0	0	1	1	0	1	1	0	1	1	1	0	1	1	1	1	1	0	0
1993	1	1	0	1	0	1	1	1	0	1	1	1	1	1	1	0	1	1	1	1
1994	0	0	1	0	0	0	0	0	0	1	0	1	0	1	1	0	1	1	1	1
1995	0	1	0	0	1	0	0	0	0	0	0	0	1	0	1	0	1	1	0	1
1996	1	1	0	1	0	1	1	0	0	1	0	1	0	1	0	0	1	0	1	0
1997	1	0	0	1	0	1	0	0	0	0	1	0	1	1	1	1	0	1	0	0
1998	1	0	0	1	0	0	1	1	0	1	0	1	1	1	1	1	0	0	1	1
1999	1	1	0	1	1	1	1	1	1	1	1	1	1	1	0	1	0	1	1	0
